city_id,state_id,city_name,lattitude,longitude,last_updated_at
1,US-VA,Richmond,37.5407,-77.436,2025-06-04 10:36:08
2,US-VA,Arlington,38.8816,-77.091,2026-07-11 03:34:22
3,US-VA,Norfolk,36.8508,-76.2859,2026-05-20 18:43:26
4,US-CA,San Jose,37.3382,-121.8863,2026-06-29 17:38:42
5,US-CA,Los Angeles,34.0522,-118.2437,2026-02-28 06:26:43
6,US-CA,Sacramento,38.5816,-121.4944,2025-11-22 20:24:58
7,US-TX,Austin,30.2672,-97.7431,2025-06-21 05:18:39
8,US-TX,Houston,29.7604,-95.3698,2025-12-15 21:51:48
9,US-TX,Dallas,32.7767,-96.797,2026-04-03 16:42:30
10,US-NY,New York City,40.7128,-74.006,2025-08-05 01:51:02
11,US-NY,Buffalo,42.8864,-78.8784,2025-01-06 01:08:44
12,US-NY,Albany,42.6526,-73.7562,2026-08-13 09:11:40
13,US-NC,Charlotte,35.2271,-80.8431,2025-05-05 00:15:55
14,US-NC,Raleigh,35.7796,-78.6382,2026-06-27 06:15:41
15,US-NC,Durham,35.994,-78.8986,2025-11-25 06:06:12
16,US-WA,Seattle,47.6062,-122.3321,2025-09-22 06:43:45
17,US-WA,Spokane,47.6588,-117.426,2025-08-04 19:53:50
18,US-WA,Tacoma,47.2529,-122.4443,2025-05-01 18:20:52
19,US-FL,Miami,25.7617,-80.1918,2025-06-17 05:44:21
20,US-FL,Orlando,28.5383,-81.3792,2026-08-17 00:33:43
21,US-FL,Tampa,27.9506,-82.4572,2025-09-19 10:34:37
22,US-IL,Chicago,41.8781,-87.6298,2025-03-21 09:20:15
23,US-IL,Springfield,39.7817,-89.6501,2025-03-14 00:54:28
24,US-IL,Naperville,41.7508,-88.1535,2025-10-23 02:21:29
25,US-GA,Atlanta,33.749,-84.388,2025-03-17 02:55:26
26,US-GA,Savannah,32.0809,-81.0912,2025-10-06 19:51:38
27,US-GA,Augusta,33.4735,-82.0105,2025-09-25 03:47:57
28,US-OH,Columbus,39.9612,-82.9988,2026-04-14 22:16:08
29,US-OH,Cleveland,41.4993,-81.6944,2025-07-25 11:01:34
30,US-OH,Cincinnati,39.1031,-84.512,2025-02-03 17:58:29
31,US-PA,Philadelphia,39.9526,-75.1652,2026-07-21 19:11:11
32,US-PA,Pittsburgh,40.4406,-79.9959,2025-12-23 20:18:01
33,US-PA,Allentown,40.6084,-75.4902,2026-02-21 12:00:58
34,US-CO,Denver,39.7392,-104.9903,2025-04-07 22:55:41
35,US-CO,Boulder,40.015,-105.2705,2025-10-22 00:23:32
36,US-CO,Aurora,39.7294,-104.8319,2025-03-03 04:56:31
37,US-MA,Boston,42.3601,-71.0589,2026-03-05 18:46:59
38,US-MA,Worcester,42.2626,-71.8023,2025-08-16 17:14:21
39,US-MA,Cambridge,42.3736,-71.1097,2026-05-04 06:41:42
40,US-AZ,Phoenix,33.4484,-112.074,2026-04-26 10:02:37
41,US-AZ,Tucson,32.2226,-110.9747,2025-10-08 21:21:55
42,US-AZ,Mesa,33.4152,-111.8315,2026-03-25 10:37:26
43,US-MD,Baltimore,39.2904,-76.6122,2025-05-30 08:31:08
44,US-MD,Rockville,39.084,-77.1528,2026-07-02 06:10:15
45,US-MD,Annapolis,38.9784,-76.4922,2025-02-24 00:36:07
