org_id,org_name,street,city_name,state_id,zip_code,mission,web_url,phone,email,org_type,org_size,org_rating,is_collaborator,is_contributor,created_at,last_updated_at
ORG-000-000-000-0001,King-Smith Foundation,72311 Erik Turnpike Suite 128,Cambridge,US-MA,43411,Down-sized user-facing extranet,https://espinoza.com,294-911-6318x7328,orodriguez@whitaker.com,for_profit,small,1,True,True,2025-11-07 14:13:45,2026-05-21 11:53:24
ORG-000-000-000-0002,"Drake, Allen and Gilbert Foundation",279 Elizabeth Parkway Apt. 350,Dallas,US-TX,75054,Advanced coherent Graphical User Interface,https://weeks-bell.com,+1-206-962-4813x2357,bridgescarolyn@hawkins-thomas.com,non_profit,large,2,True,False,2025-05-01 19:30:46,2026-01-24 02:23:05
ORG-000-000-000-0003,Rodriguez Inc Foundation,809 Jennifer Islands Suite 021,Miami,US-FL,90195,Focused 24hour implementation,https://hart.org,830-698-1079,vcole@vega.com,for_profit,medium,3,False,False,2026-04-09 18:30:18,2026-08-30 23:11:06
ORG-000-000-000-0004,Baird-Fields Foundation,78532 Walsh Extensions Suite 425,San Jose,US-CA,97495,Ameliorated intermediate workforce,https://thomas-stevens.net,962.953.6667,vford@ortega-anderson.net,non_profit,large,5,True,True,2026-08-15 00:12:07,2026-08-25 10:05:04
ORG-000-000-000-0005,Sanchez Ltd Foundation,395 Kelley Track,Raleigh,US-NC,54005,Multi-layered secondary function,https://long.com,+1-474-896-0335,cwhite@benson.org,non_profit,large,4,True,False,2026-08-19 12:50:18,2026-08-20 22:20:25
ORG-000-000-000-0006,"Jackson, Terrell and Becker Foundation",693 Robert Mountain,Aurora,US-CO,32705,User-centric clear-thinking task-force,https://stewart-fitzpatrick.org,501.611.0005x15532,coxregina@conway.com,non_profit,small,5,True,True,2025-03-22 01:16:07,2026-04-16 05:27:07
ORG-000-000-000-0007,Turner-Lang Foundation,26189 Moore Plaza,San Jose,US-CA,82903,Phased tangible focus group,https://charles.com,910.426.7672x095,fshannon@knight.com,for_profit,small,2,False,True,2025-04-13 18:10:21,2026-02-19 10:37:58
ORG-000-000-000-0008,Thompson PLC Foundation,621 Suzanne Islands Suite 159,Columbus,US-OH,65348,Ameliorated regional parallelism,https://frey-diaz.com,584.680.7520,shane65@nelson.info,for_profit,medium,5,False,True,2025-06-05 01:37:28,2025-08-14 16:47:01
ORG-000-000-000-0009,"Miller, Arnold and Anderson Foundation",904 Gonzalez Mountains,Buffalo,US-NY,50310,Networked 5thgeneration solution,https://nelson.net,(765)325-4837x44171,cochranlinda@sanchez.com,non_profit,large,4,True,False,2025-09-19 02:48:33,2026-03-03 14:07:26
ORG-000-000-000-0010,Moore and Sons Foundation,00591 Brandi Well,Los Angeles,US-CA,60894,Self-enabling full-range toolset,https://rodriguez.com,001-512-911-0633x0165,jeanettesimpson@lopez.com,for_profit,large,4,True,False,2025-07-29 03:06:39,2026-05-07 12:39:41
ORG-000-000-000-0011,Lopez-Smith Foundation,42893 Jacqueline Club,Baltimore,US-MD,25168,Enterprise-wide fresh-thinking system engine,https://martin.org,696-484-3645x3804,browntroy@brown.info,non_profit,small,3,True,False,2025-02-06 22:30:55,2025-06-28 02:36:40
ORG-000-000-000-0012,Rowland Ltd Foundation,9591 Acosta Island,Springfield,US-IL,59586,Multi-channeled value-added workforce,https://wood-evans.info,983-939-2056x77567,douglaschristensen@herring-marks.com,non_profit,medium,4,False,False,2025-08-06 14:32:55,2025-10-23 20:52:58
ORG-000-000-000-0013,Fritz-Chen Foundation,0622 Jay Brook Suite 724,Durham,US-NC,44713,Exclusive 3rdgeneration methodology,https://moore-gallegos.net,333-379-7662x705,janice94@young.com,non_profit,large,5,True,False,2025-03-28 15:02:38,2025-06-11 21:09:09
ORG-000-000-000-0014,Henry-Frye Foundation,4969 Carol Pines,Tacoma,US-WA,37449,Mandatory uniform hub,https://shields.com,9756633535,barbara53@sheppard.org,for_profit,small,3,True,False,2026-07-30 18:41:10,2026-08-17 07:43:48
ORG-000-000-000-0015,Erickson PLC Foundation,79705 Patrick Drive,Sacramento,US-CA,82238,Inverse attitude-oriented moderator,https://ford-mccullough.com,576-534-2507,murphymallory@hoffman-bowers.com,non_profit,small,5,True,True,2025-03-24 14:47:49,2025-07-03 23:13:16
ORG-000-000-000-0016,Galloway-Jacobs Foundation,399 Kenneth Circle,Denver,US-CO,96903,Ergonomic multi-tasking website,https://campbell.com,843-424-0061x5727,gblake@bryant-gonzalez.org,for_profit,medium,4,True,True,2025-12-13 05:45:04,2026-01-20 13:07:06
ORG-000-000-000-0017,Mitchell-Willis Foundation,10587 Thomas Village Suite 806,Arlington,US-VA,85216,Inverse hybrid conglomeration,https://austin-hodges.com,499-508-0271x12218,fischerteresa@miller-cooper.com,for_profit,large,3,False,False,2025-04-10 06:57:36,2025-09-06 04:37:56
ORG-000-000-000-0018,Morales-Brown Foundation,628 Lisa Mission Apt. 143,Pittsburgh,US-PA,31861,Centralized secondary software,https://johnson.info,8038322855,dixonkeith@caldwell.biz,non_profit,medium,4,True,True,2026-07-12 03:55:24,2026-07-23 13:33:09
ORG-000-000-000-0019,"Jones, Gonzalez and Johnson Foundation",705 Bonnie Land,Cleveland,US-OH,67236,Down-sized hybrid data-warehouse,https://herrera.org,648-858-6239x4535,santosshannon@morrison-curtis.net,non_profit,large,1,True,False,2025-08-01 22:30:03,2025-11-10 02:00:33
ORG-000-000-000-0020,Harris-Rodriguez Foundation,33943 Ward Center Apt. 943,Naperville,US-IL,67491,Assimilated fault-tolerant access,https://gallegos.com,365.376.9277x8943,farrellchristine@arroyo.com,non_profit,small,4,False,False,2026-06-16 19:37:35,2026-08-07 12:22:15
ORG-000-000-000-0021,James-Carroll Foundation,05336 Jones Mall,Miami,US-FL,86173,Ameliorated exuding throughput,https://roach.com,673-610-7201x137,warnertimothy@holt.biz,non_profit,small,2,True,True,2026-04-17 15:22:15,2026-06-09 08:37:31
ORG-000-000-000-0022,Johnson Group Foundation,2090 Susan Wells Suite 473,Annapolis,US-MD,35534,Assimilated static flexibility,https://young.com,+1-909-968-7304x5195,nathanielwinters@arnold.com,for_profit,medium,2,False,False,2026-02-03 07:12:15,2026-07-30 04:13:18
ORG-000-000-000-0023,Thompson-Morales Foundation,4278 Ward Meadows Apt. 942,Atlanta,US-GA,44122,Multi-channeled secondary Local Area Network,https://molina-hensley.com,4585295829,amiller@mooney.com,non_profit,large,2,False,True,2025-04-03 12:14:53,2025-08-14 09:57:10
ORG-000-000-000-0024,"Garcia, Smith and Michael Foundation",357 Mark Villages,Philadelphia,US-PA,49433,Reactive hybrid model,https://weiss.biz,001-613-572-3081x721,nturner@little.com,for_profit,small,2,True,True,2025-04-26 01:31:11,2025-11-27 19:16:34
ORG-000-000-000-0025,Phillips and Sons Foundation,114 Tapia Manors,Norfolk,US-VA,47361,Switchable impactful access,https://harper.com,(999)879-9070x75504,hendersonbrenda@avery-cohen.com,for_profit,medium,1,False,True,2026-05-19 19:37:42,2026-07-26 06:55:05
ORG-000-000-000-0026,Johnson-Freeman Foundation,4811 Jennifer Stravenue,Orlando,US-FL,83246,Cross-platform logistical implementation,https://rogers.com,387-439-6102x9087,khill@solis-nichols.com,non_profit,large,1,False,True,2026-04-20 22:51:04,2026-06-17 05:09:46
ORG-000-000-000-0027,Richards-Wolfe Foundation,74204 Simmons Spur Apt. 137,Boulder,US-CO,64234,Fully-configurable 24hour info-mediaries,https://roman.com,223-959-7371x1222,srichardson@smith-warren.com,non_profit,large,5,True,False,2025-08-06 05:47:45,2025-12-21 12:22:46
ORG-000-000-000-0028,"Stephens, Barnes and Johnson Foundation",611 Jose Shores Suite 768,Pittsburgh,US-PA,32381,Devolved bottom-line algorithm,https://miller.com,285.584.7129x618,dylananderson@myers.com,non_profit,medium,3,True,False,2025-07-19 21:15:41,2025-12-27 00:20:37
ORG-000-000-000-0029,Warren LLC Foundation,2537 Jacob Mountains,Dallas,US-TX,63189,Polarized didactic attitude,https://hughes.net,422-582-1781,xfranco@clayton.com,for_profit,medium,2,False,True,2025-12-13 11:05:05,2026-03-13 10:54:03
ORG-000-000-000-0030,Williams-Flores Foundation,35679 Kaitlyn Crossroad Suite 986,Chicago,US-IL,85178,Versatile scalable complexity,https://george.info,001-616-990-6181x20546,kevin89@calhoun-wyatt.info,non_profit,small,5,False,True,2025-05-21 23:39:27,2026-05-13 19:18:35
ORG-000-000-000-0031,"Freeman, Todd and Franco Foundation",5175 John Grove,Pittsburgh,US-PA,36054,Horizontal radical migration,https://edwards.com,001-635-843-5864,kaylazamora@pham.com,non_profit,small,4,True,True,2025-08-08 01:41:09,2025-08-16 05:51:39
ORG-000-000-000-0032,Mcdaniel LLC Foundation,79821 Little Ford Suite 275,Austin,US-TX,32696,Object-based mission-critical structure,https://randolph-stevens.com,(249)314-1686,lisascott@gibson-ewing.org,for_profit,large,4,True,True,2025-02-25 23:05:05,2026-01-23 03:39:51
ORG-000-000-000-0033,Dixon-Fisher Foundation,67917 Hughes Crest Apt. 215,Denver,US-CO,07644,Balanced asymmetric focus group,https://dunn.com,663-609-0015,oallen@munoz.com,non_profit,medium,4,True,True,2026-08-06 21:17:37,2026-08-26 11:59:00
ORG-000-000-000-0034,Hernandez PLC Foundation,26389 Stephanie Course Suite 711,Mesa,US-AZ,32770,Open-source directional encoding,https://lynch-mcclain.com,310-334-6996x733,cmarquez@stevenson.org,non_profit,small,2,True,False,2025-01-11 12:37:43,2026-08-27 12:17:20
ORG-000-000-000-0035,Johnson-Hubbard Foundation,768 Morris Parks,Austin,US-TX,67027,Seamless human-resource intranet,https://harris.biz,(663)535-5643,eburke@parks.com,non_profit,small,5,False,True,2026-05-03 07:17:32,2026-08-27 17:48:14
ORG-000-000-000-0036,"Wolfe, Chavez and Mcbride Foundation",556 Travis Stream Suite 616,Albany,US-NY,33914,Monitored discrete flexibility,https://buck-green.com,(739)289-8306,christophermoon@gilbert.com,for_profit,small,3,False,False,2025-04-19 03:26:13,2026-04-27 07:12:57
ORG-000-000-000-0037,Miller-Frederick Foundation,42642 Robert Expressway Apt. 319,Dallas,US-TX,07335,Re-engineered solution-oriented toolset,https://thompson.com,303.991.1142,jennifer28@sanchez.com,for_profit,large,5,True,True,2025-07-09 08:55:35,2025-08-21 18:31:16
ORG-000-000-000-0038,Miranda PLC Foundation,806 Gary Mountains,Mesa,US-AZ,20936,De-engineered disintermediate portal,https://berry-ramirez.com,921.932.9016x204,upierce@oneal-owens.net,for_profit,small,5,False,True,2025-02-04 14:01:19,2025-04-25 10:38:17
ORG-000-000-000-0039,Hartman-Ray Foundation,8628 Martinez Camp Apt. 195,Richmond,US-VA,39618,Customizable real-time installation,https://bennett-brooks.com,230.536.2792x4632,zking@marquez-watson.com,for_profit,medium,2,False,False,2025-06-24 05:29:33,2025-07-12 20:54:04
ORG-000-000-000-0040,Anderson-Moyer Foundation,14505 Blankenship Shoal,Albany,US-NY,57305,Compatible radical frame,https://nicholson-arnold.com,215.253.4820x1284,crystalwatson@powell-lindsey.info,non_profit,medium,2,True,True,2026-06-16 14:27:59,2026-07-23 22:59:03
ORG-000-000-000-0041,Howell-Mitchell Foundation,917 Hamilton Passage,San Jose,US-CA,05240,Synchronized zero-defect neural-net,https://curry.com,(257)242-2319x6463,alexander23@hudson-butler.com,for_profit,small,3,True,True,2025-08-07 21:23:55,2025-12-24 15:44:58
ORG-000-000-000-0042,Payne-Scott Foundation,12047 Jeffery Expressway,Cleveland,US-OH,88661,Proactive bifurcated artificial intelligence,https://stevens.com,549.588.5582x9849,hamiltonjoseph@turner.com,for_profit,large,2,False,True,2025-04-28 08:45:48,2025-09-13 16:11:14
ORG-000-000-000-0043,"Evans, Roy and Rodriguez Foundation",333 Stein Courts,Rockville,US-MD,91908,Quality-focused motivating hierarchy,https://newton-barnes.com,813-929-7150x6662,cookmitchell@young-koch.info,for_profit,medium,1,False,False,2026-06-03 06:52:38,2026-08-09 00:04:39
ORG-000-000-000-0044,Chapman-Sullivan Foundation,3925 Carly Ramp,Allentown,US-PA,49895,Configurable bandwidth-monitored artificial intelligence,https://hogan.com,+1-267-412-0072,tonya55@armstrong.com,non_profit,small,2,True,False,2025-10-14 16:45:20,2026-01-25 18:28:18
ORG-000-000-000-0045,Williams PLC Foundation,90326 Rodriguez Ramp,Dallas,US-TX,38699,Seamless multi-tasking archive,https://mitchell.com,(781)479-3406,wpatrick@torres.biz,for_profit,small,1,False,False,2025-10-31 09:18:13,2026-04-22 20:48:23
ORG-000-000-000-0046,Bauer LLC Foundation,37220 Brian Wells Apt. 217,Austin,US-TX,17030,Distributed uniform archive,https://townsend-watts.org,976.261.8943,eric35@williams.biz,non_profit,medium,3,False,False,2025-03-12 06:03:16,2025-11-18 04:12:23
ORG-000-000-000-0047,Hess Group Foundation,572 Mcgee Station Suite 592,Tampa,US-FL,01476,Down-sized eco-centric instruction set,https://tucker.com,8232897432,welchjennifer@watson.net,for_profit,small,2,False,False,2026-01-09 19:52:07,2026-06-19 14:06:34
ORG-000-000-000-0048,Clark LLC Foundation,689 Ryan Street Apt. 798,Augusta,US-GA,38537,Public-key web-enabled knowledgebase,https://mitchell.biz,001-517-967-9935,kevin03@strong.net,for_profit,large,5,True,False,2026-01-22 02:39:30,2026-08-19 08:08:47
ORG-000-000-000-0049,Williams Group Foundation,0601 Nichols Plains,Los Angeles,US-CA,55125,Ameliorated motivating superstructure,https://french.info,001-738-484-1368,alexisjordan@lucas-potts.com,non_profit,large,1,True,False,2026-03-28 05:57:09,2026-08-14 01:43:33
ORG-000-000-000-0050,Anderson Ltd Foundation,44626 Jessica Lake Apt. 448,Arlington,US-VA,91144,Reactive scalable architecture,https://mcgrath.com,914.321.7518,rcontreras@kelly.com,for_profit,small,1,True,False,2025-06-07 21:24:27,2025-06-21 05:11:36
ORG-000-000-000-0051,Hughes and Sons Foundation,091 Francis Junctions Apt. 883,Spokane,US-WA,63243,Versatile responsive hardware,https://peterson.biz,386-532-3979,dgrant@morris-wood.com,for_profit,small,5,False,True,2026-08-28 19:01:47,2026-08-29 05:10:36
ORG-000-000-000-0052,Chavez Inc Foundation,55605 Miller Ville Apt. 988,Albany,US-NY,15770,Reverse-engineered client-driven leverage,https://spencer-arnold.com,290-353-4864,crosbyelizabeth@dominguez.com,non_profit,small,2,False,True,2025-06-24 10:36:31,2025-08-06 20:01:12
ORG-000-000-000-0053,Morgan-Jenkins Foundation,517 Rodgers Lodge,Denver,US-CO,03480,Assimilated executive Graphic Interface,https://joseph.net,+1-591-351-1455x129,brandoncollins@fischer.net,non_profit,large,5,True,False,2025-11-26 21:08:41,2026-04-20 05:29:34
ORG-000-000-000-0054,"Berg, Payne and Escobar Foundation",60461 Adams Center Apt. 119,Phoenix,US-AZ,01026,Customer-focused mission-critical analyzer,https://pacheco-sullivan.com,929-583-1522x910,garybernard@hicks.net,non_profit,medium,2,True,True,2026-04-07 07:34:35,2026-05-08 00:43:00
ORG-000-000-000-0055,Ray-Blair Foundation,8306 Christina Loaf,Los Angeles,US-CA,25728,Progressive explicit hardware,https://sullivan.biz,001-944-239-1649,sullivanjames@vazquez-ray.org,non_profit,small,4,True,False,2025-01-10 16:36:04,2026-03-28 18:56:38
ORG-000-000-000-0056,Coffey and Sons Foundation,033 Jessica Spur,Springfield,US-IL,52237,Devolved didactic focus group,https://andrews.com,001-710-861-5372x215,rkeller@ramos-harris.com,for_profit,large,1,False,True,2025-11-16 15:20:06,2026-08-24 06:03:29
ORG-000-000-000-0057,Price and Sons Foundation,7460 Smith Mountain,Austin,US-TX,21289,Centralized zero tolerance approach,https://ellis.com,(944)726-0781,dawn73@shields.com,non_profit,large,2,True,False,2025-02-16 14:29:45,2026-06-30 14:42:42
ORG-000-000-000-0058,Castillo Group Foundation,37638 Daniel Stravenue,Tucson,US-AZ,49106,Programmable eco-centric solution,https://nelson.net,460-919-1344x3899,hernandezandrew@carrillo.info,for_profit,large,5,False,True,2025-11-26 00:51:48,2026-08-17 02:01:25
ORG-000-000-000-0059,Lopez Ltd Foundation,644 Courtney Skyway Suite 167,Miami,US-FL,82371,Exclusive dynamic Graphic Interface,https://hodge.info,001-838-257-3680x11923,stuartnichols@jones.info,for_profit,small,2,False,True,2025-05-02 18:58:32,2025-11-29 22:12:33
ORG-000-000-000-0060,"Taylor, Rojas and Robinson Foundation",40961 Day Mission,Albany,US-NY,27906,Cross-group global encoding,https://wilson.net,001-330-574-8207x3651,aaron55@hawkins-martin.com,non_profit,large,4,False,False,2025-11-01 16:50:00,2026-01-12 00:59:00
ORG-000-000-000-0061,"Armstrong, Contreras and Lee Foundation",02333 Kenneth Circle,Pittsburgh,US-PA,87226,Organized directional process improvement,https://johnson.com,(446)821-2760x250,millereric@hernandez.biz,non_profit,small,3,False,True,2026-05-14 13:42:44,2026-08-01 05:36:52
ORG-000-000-000-0062,Lyons and Sons Foundation,888 Mercado Estate Apt. 762,Charlotte,US-NC,80579,Organic even-keeled functionalities,https://obrien-howe.com,464.268.7191,jillianferguson@castro.org,for_profit,large,3,True,True,2025-03-26 04:44:20,2025-06-15 06:53:49
ORG-000-000-000-0063,"Rojas, Taylor and Holmes Foundation",30898 John Plaza,Charlotte,US-NC,11454,Mandatory multi-tasking monitoring,https://green.net,(420)967-3231,hendersoncynthia@rojas.info,non_profit,small,5,True,False,2025-05-07 10:04:25,2026-07-02 01:37:52
ORG-000-000-000-0064,Maldonado LLC Foundation,00001 Martin Summit,Albany,US-NY,83999,Reduced attitude-oriented artificial intelligence,https://lee.net,+1-650-490-2556x1844,gardnerdylan@ray.com,non_profit,small,3,True,True,2026-03-05 12:16:21,2026-04-13 16:23:00
ORG-000-000-000-0065,Thompson LLC Foundation,6708 Mcdonald Cape,Columbus,US-OH,79040,Business-focused 24hour protocol,https://blackwell-gray.com,358-548-2669,rhernandez@perez.com,for_profit,small,3,True,False,2026-01-11 18:48:57,2026-01-29 12:35:24
ORG-000-000-000-0066,Underwood-Glover Foundation,080 Brown Fords Apt. 699,Worcester,US-MA,73673,Persevering regional help-desk,https://barton.net,(321)204-0164,connie42@fry.net,non_profit,medium,4,False,True,2025-08-08 08:21:29,2026-08-15 16:27:12
ORG-000-000-000-0067,Gray and Sons Foundation,4321 Heather River,Boulder,US-CO,89355,Implemented uniform concept,https://duncan.biz,320-936-2586x3144,shortkelly@price.com,for_profit,large,5,True,True,2026-06-09 01:03:59,2026-06-18 11:58:40
ORG-000-000-000-0068,Lopez and Sons Foundation,8243 Elizabeth Mountains Suite 464,Arlington,US-VA,38590,Profound object-oriented moderator,https://hendricks.com,(738)288-2452x790,gloria04@harris.com,non_profit,medium,2,True,False,2026-04-02 01:44:41,2026-06-15 06:30:52
ORG-000-000-000-0069,Lee-Fox Foundation,163 Linda Course Apt. 978,Sacramento,US-CA,61639,Up-sized zero tolerance capability,https://williams.com,+1-937-732-6530x6011,gdavis@maxwell-cortez.net,non_profit,small,2,True,False,2026-05-02 04:36:16,2026-05-20 07:22:16
ORG-000-000-000-0070,Smith and Sons Foundation,09156 Andrea Villages,Springfield,US-IL,78776,Progressive 24/7 encryption,https://bennett.com,001-249-316-0936x5952,cassandra18@ingram.com,for_profit,large,4,True,False,2025-04-12 21:42:00,2026-01-01 05:30:14
ORG-000-000-000-0071,Sanders Group Foundation,92632 Shelly Rest Apt. 137,New York City,US-NY,36548,Managed global instruction set,https://davis.com,(988)860-5053,ygraham@williams.com,for_profit,small,1,True,False,2025-06-12 04:41:55,2025-08-09 10:46:04
ORG-000-000-000-0072,Deleon-Smith Foundation,08356 Wilkerson Corners,Savannah,US-GA,04075,Networked coherent software,https://jones-bentley.com,423-845-5068,washingtonmelanie@hines-schneider.com,non_profit,medium,3,True,False,2026-08-30 23:12:00,2026-08-30 23:17:57
ORG-000-000-000-0073,"Clark, Warren and Baker Foundation",34808 Deleon Junctions,Dallas,US-TX,39618,Front-line mission-critical secured line,https://doyle.com,259.710.1570,prattjustin@donovan.info,for_profit,medium,1,True,True,2025-02-22 22:37:43,2025-09-28 12:23:38
ORG-000-000-000-0074,Aguilar-Martin Foundation,964 Davis Pike Suite 285,Boulder,US-CO,76428,Networked scalable open system,https://thomas.com,408-849-9323x1234,delliott@dean-johnson.net,for_profit,medium,4,True,True,2026-08-23 14:00:50,2026-08-29 04:12:52
ORG-000-000-000-0075,Moore-Bowman Foundation,0723 Hoffman Stream Apt. 893,Cleveland,US-OH,43201,Synchronized stable portal,https://santos-roach.net,(880)740-5612,dunnmelinda@sullivan.net,for_profit,medium,4,True,False,2026-01-15 05:48:26,2026-01-30 14:50:14
ORG-000-000-000-0076,"Thomas, Guerrero and Davis Foundation",656 Sandra Forge Apt. 876,Spokane,US-WA,13379,Synergistic systemic circuit,https://aguirre.org,214-434-6823x94840,agoodwin@contreras.biz,non_profit,large,4,False,False,2026-02-03 01:18:20,2026-06-04 20:41:33
ORG-000-000-000-0077,"Myers, Mcclure and Brown Foundation",68311 Lisa Isle,Annapolis,US-MD,03841,Business-focused asymmetric implementation,https://brown.org,950-876-2839,brentrichardson@ramirez.info,non_profit,large,2,True,True,2026-06-15 03:45:30,2026-06-19 07:11:58
ORG-000-000-000-0078,"Campbell, Martin and Klein Foundation",66292 Smith Union Apt. 776,Tucson,US-AZ,06752,Diverse non-volatile standardization,https://jones.net,+1-584-713-3373x12552,irodriguez@marshall.com,non_profit,large,4,True,True,2025-03-23 18:53:49,2025-11-04 13:12:11
ORG-000-000-000-0079,"Garcia, Morrison and Smith Foundation",63852 Simpson Ports,Orlando,US-FL,45716,Multi-tiered bottom-line core,https://west.net,244-390-2950x2648,dhill@hayes.com,for_profit,medium,5,False,True,2025-12-26 01:29:49,2026-01-31 09:00:33
ORG-000-000-000-0080,Ross PLC Foundation,77822 Alexis Estates,Los Angeles,US-CA,84264,Cross-group mobile parallelism,https://wilcox.net,(429)785-7973x63831,ojohnson@christensen.org,for_profit,small,4,False,True,2025-05-21 00:32:20,2025-08-13 04:17:53
ORG-000-000-000-0081,"Ball, Patterson and Becker Foundation",7067 Rachel Path,Spokane,US-WA,19708,Advanced high-level task-force,https://bennett.com,+1-322-635-5216x50587,uhudson@mills.com,non_profit,large,4,True,False,2025-09-23 23:14:14,2026-05-16 16:22:06
ORG-000-000-000-0082,"Taylor, Bradley and Novak Foundation",984 Russell Rest,Chicago,US-IL,71523,Horizontal zero tolerance moratorium,https://benton.com,309-338-6948x42495,michael88@rivers-potter.com,for_profit,small,2,False,True,2025-01-30 17:38:04,2026-03-30 02:41:05
ORG-000-000-000-0083,"Pena, Davis and Mclean Foundation",676 Gonzalez Trafficway,Columbus,US-OH,86579,Enterprise-wide 4thgeneration pricing structure,https://hill-deleon.org,877-998-7682,maryanderson@ray.net,for_profit,medium,4,True,True,2026-08-25 08:14:13,2026-08-27 15:37:11
ORG-000-000-000-0084,Maldonado-Smith Foundation,350 Ware Shore,Buffalo,US-NY,47733,Versatile human-resource implementation,https://harvey.com,+1-812-548-2554x42867,michaelochoa@lopez-wright.com,for_profit,medium,2,True,True,2025-01-18 19:41:00,2026-07-03 20:14:33
ORG-000-000-000-0085,"Patel, Johnston and Adams Foundation",38915 Martin Common Suite 285,San Jose,US-CA,95190,Polarized context-sensitive Graphical User Interface,https://jackson-johnston.biz,001-333-858-9513,michael78@huber-herring.net,for_profit,large,4,False,True,2025-08-01 17:57:54,2026-06-12 08:59:19
ORG-000-000-000-0086,Smith-Flores Foundation,443 James Road Apt. 891,Philadelphia,US-PA,15337,Polarized radical matrices,https://williams.com,001-334-701-5364,shawn55@rodriguez.com,non_profit,medium,3,False,True,2025-07-21 12:26:48,2025-12-11 11:54:52
ORG-000-000-000-0087,Harvey-Lewis Foundation,8136 York Cape Apt. 942,Buffalo,US-NY,91874,Stand-alone bi-directional forecast,https://johnson.com,969.281.9878x092,michael38@grant.com,for_profit,large,2,False,False,2025-09-29 06:58:52,2026-03-11 01:17:10
ORG-000-000-000-0088,Grant-Durham Foundation,0598 Sparks Mission Suite 442,Rockville,US-MD,18617,Proactive tertiary Graphical User Interface,https://rogers.net,+1-359-365-5942x8249,bduke@cantu.com,non_profit,large,5,True,True,2026-06-23 04:37:08,2026-08-17 13:33:12
ORG-000-000-000-0089,Moore LLC Foundation,393 Susan Curve Apt. 551,Aurora,US-CO,27809,Adaptive fresh-thinking Graphical User Interface,https://johnson-harris.biz,+1-821-844-4889,sthomas@henderson.info,non_profit,medium,3,True,True,2026-06-03 19:43:23,2026-07-29 23:42:03
ORG-000-000-000-0090,"Herring, Day and Hernandez Foundation",58254 Stephanie Cliff,Rockville,US-MD,69422,Extended context-sensitive strategy,https://morton.com,(839)220-4910,stonerobert@moore-robbins.info,for_profit,small,4,False,True,2025-12-23 06:01:28,2026-02-18 12:41:56
ORG-000-000-000-0091,Johnson-Martin Foundation,8172 Rachel Neck Suite 545,Springfield,US-IL,74168,Self-enabling encompassing matrices,https://gray.com,929-318-7683x16082,dthompson@lewis.com,non_profit,small,2,True,False,2025-04-08 15:32:18,2026-08-14 07:37:04
ORG-000-000-000-0092,"Rios, Levy and Frye Foundation",2229 Joyce Extension,Denver,US-CO,13714,Upgradable interactive website,https://sandoval-richards.com,588.723.2553,joseph17@newman.com,for_profit,small,3,True,True,2026-03-01 03:47:06,2026-07-29 12:40:40
ORG-000-000-000-0093,Morton LLC Foundation,95449 Carr Stream,Pittsburgh,US-PA,15768,Enterprise-wide local portal,https://gonzales.com,(505)939-7871,devon88@anderson.com,for_profit,small,3,False,True,2026-03-25 01:00:37,2026-03-27 19:59:02
ORG-000-000-000-0094,Mcguire Group Foundation,320 Joseph Plaza,Boulder,US-CO,64588,Robust systemic Local Area Network,https://gordon.com,001-658-652-3860x030,sandrabrewer@wyatt.com,for_profit,medium,3,False,False,2026-01-23 16:28:11,2026-07-19 18:40:27
ORG-000-000-000-0095,Conley-Martin Foundation,910 Dawn Expressway,Los Angeles,US-CA,96152,Reverse-engineered value-added hardware,https://johnson.net,509.930.9671,franklindarius@williams-hernandez.com,for_profit,small,5,True,False,2025-05-17 13:24:24,2026-05-08 22:29:52
ORG-000-000-000-0096,Clark Inc Foundation,7201 Darren Light Suite 122,Tampa,US-FL,05986,Decentralized regional success,https://griffin.com,+1-587-233-9304x93665,stanleymcdowell@frank-garcia.com,for_profit,large,3,True,True,2025-08-10 09:18:20,2026-07-04 14:07:48
ORG-000-000-000-0097,Garcia LLC Foundation,682 Heath Ports,Cambridge,US-MA,87653,Inverse client-driven collaboration,https://mitchell.org,755.461.0399,xcolon@perez.com,non_profit,large,4,True,False,2025-03-22 15:11:48,2025-05-31 06:10:08
ORG-000-000-000-0098,Hill Group Foundation,585 Parker Curve Apt. 041,Aurora,US-CO,97841,Vision-oriented coherent algorithm,https://branch.biz,259-427-3874,ramosjennifer@reynolds.com,non_profit,large,4,True,False,2026-08-07 21:12:08,2026-08-23 00:36:25
ORG-000-000-000-0099,Perez-Martinez Foundation,155 Benton Estate Apt. 340,Phoenix,US-AZ,33229,Centralized bottom-line adapter,https://cox.org,001-475-564-9157x95546,timothy12@murray-smith.com,for_profit,large,4,True,True,2025-11-23 17:18:50,2026-02-14 00:05:45
ORG-000-000-000-0100,"Brown, Wilson and Bowers Foundation",30683 Shannon Harbor,Tucson,US-AZ,12294,Pre-emptive cohesive interface,https://williams.com,212.890.1507x138,dgarcia@marquez-cook.com,for_profit,medium,4,True,False,2025-12-31 17:29:53,2026-02-18 01:22:05
