user_id,cat_id,skill_level,created_at,last_updated_at
SID-00-000-000-000-000-118,2,EXPERT,2025-08-03 10:52:40,2025-11-04 09:18:28
SID-00-000-000-000-000-104,1,EXPERT,2025-02-02 14:48:47,2026-04-29 22:52:25
SID-00-000-000-000-000-128,7,INTERMEDIATE,2026-08-22 16:41:51,2026-08-23 18:45:37
SID-00-000-000-000-000-128,2,BEGINNER,2025-05-03 11:42:44,2026-05-26 18:52:54
SID-00-000-000-000-000-128,3.1,ADVANCED,2026-06-17 18:56:05,2026-08-16 20:28:54
SID-00-000-000-000-000-317,1,BEGINNER,2026-05-16 15:44:49,2026-06-15 13:03:31
SID-00-000-000-000-000-317,12,INTERMEDIATE,2025-04-08 17:35:37,2026-04-22 15:38:38
SID-00-000-000-000-000-317,3.1,ADVANCED,2025-09-04 00:27:11,2026-04-08 20:39:22
SID-00-000-000-000-000-183,9,EXPERT,2025-01-17 14:02:44,2026-07-06 22:35:47
SID-00-000-000-000-000-183,2.1,INTERMEDIATE,2025-10-06 04:43:33,2026-07-14 12:36:55
SID-00-000-000-000-000-080,12,ADVANCED,2026-01-12 22:41:14,2026-07-01 20:28:58
SID-00-000-000-000-000-080,1,EXPERT,2026-02-26 13:17:47,2026-07-11 21:43:40
SID-00-000-000-000-000-055,7,ADVANCED,2025-05-25 22:58:27,2026-07-22 04:47:44
SID-00-000-000-000-000-062,9,BEGINNER,2025-08-02 20:25:11,2025-12-05 09:26:15
SID-00-000-000-000-000-062,5,EXPERT,2026-02-17 13:07:09,2026-04-18 18:03:40
SID-00-000-000-000-000-041,11,EXPERT,2026-02-25 16:16:00,2026-05-07 23:08:09
SID-00-000-000-000-000-041,3,EXPERT,2025-01-01 13:25:06,2026-08-27 05:34:35
SID-00-000-000-000-000-347,2,INTERMEDIATE,2025-10-10 18:51:12,2026-08-08 03:51:07
SID-00-000-000-000-000-347,1,BEGINNER,2025-09-07 02:10:16,2026-06-14 02:24:41
SID-00-000-000-000-000-347,7,EXPERT,2026-05-27 07:24:14,2026-08-29 05:03:26
SID-00-000-000-000-000-340,6,INTERMEDIATE,2026-06-15 16:13:18,2026-08-02 23:35:42
SID-00-000-000-000-000-253,3,BEGINNER,2026-05-13 19:18:54,2026-07-15 08:03:21
SID-00-000-000-000-000-253,3.1,BEGINNER,2025-03-16 18:20:50,2026-04-27 03:30:43
SID-00-000-000-000-000-253,4,INTERMEDIATE,2025-02-04 00:04:02,2025-05-15 19:14:05
SID-00-000-000-000-000-315,2.1,INTERMEDIATE,2025-03-25 03:39:10,2026-04-06 03:36:38
SID-00-000-000-000-000-004,1,EXPERT,2026-03-20 12:26:18,2026-07-23 03:13:04
SID-00-000-000-000-000-278,5,ADVANCED,2026-06-29 17:26:27,2026-08-26 00:56:29
SID-00-000-000-000-000-278,6,INTERMEDIATE,2025-02-08 03:01:20,2025-11-19 16:21:22
SID-00-000-000-000-000-278,7,BEGINNER,2026-04-16 15:47:39,2026-04-30 10:05:26
SID-00-000-000-000-000-022,8,EXPERT,2026-01-17 16:27:44,2026-02-17 17:42:49
SID-00-000-000-000-000-247,1,ADVANCED,2026-08-01 11:25:26,2026-08-21 16:02:40
SID-00-000-000-000-000-247,3.1,ADVANCED,2026-07-05 06:09:46,2026-07-10 22:00:42
SID-00-000-000-000-000-247,6,BEGINNER,2026-02-15 21:39:47,2026-03-03 16:34:40
SID-00-000-000-000-000-191,1.1,BEGINNER,2026-02-08 11:54:26,2026-03-18 05:07:27
SID-00-000-000-000-000-191,2.1,EXPERT,2026-07-18 06:11:04,2026-07-29 11:20:23
SID-00-000-000-000-000-318,2.1,INTERMEDIATE,2026-02-13 16:55:48,2026-05-21 07:34:10
SID-00-000-000-000-000-162,9,ADVANCED,2026-08-03 12:28:05,2026-08-08 15:24:03
SID-00-000-000-000-000-162,6,EXPERT,2026-06-08 21:27:09,2026-07-23 10:20:56
SID-00-000-000-000-000-162,4,INTERMEDIATE,2025-03-22 20:36:33,2025-07-30 10:09:36
SID-00-000-000-000-000-389,4,EXPERT,2026-05-26 17:16:57,2026-06-11 01:51:37
SID-00-000-000-000-000-389,6,ADVANCED,2025-10-01 15:47:48,2026-02-01 01:15:14
SID-00-000-000-000-000-389,3.1,EXPERT,2025-10-16 17:21:14,2026-03-25 20:40:18
SID-00-000-000-000-000-295,3.1,INTERMEDIATE,2026-03-14 09:46:41,2026-06-28 08:34:50
SID-00-000-000-000-000-295,7,ADVANCED,2025-10-19 07:40:56,2026-08-12 16:36:00
SID-00-000-000-000-000-295,2.1,EXPERT,2025-10-07 15:02:44,2026-04-01 07:45:05
SID-00-000-000-000-000-141,1,BEGINNER,2025-01-27 22:09:47,2025-09-05 21:17:42
SID-00-000-000-000-000-141,9,ADVANCED,2026-02-07 00:56:16,2026-03-31 12:01:40
SID-00-000-000-000-000-252,3,ADVANCED,2025-06-22 08:16:04,2025-12-06 04:51:18
SID-00-000-000-000-000-094,10,INTERMEDIATE,2026-06-20 17:17:50,2026-07-17 12:19:26
SID-00-000-000-000-000-262,1,INTERMEDIATE,2025-12-24 13:54:54,2026-05-11 16:52:00
SID-00-000-000-000-000-144,3,INTERMEDIATE,2025-10-13 02:55:15,2026-05-27 05:00:19
SID-00-000-000-000-000-204,3,EXPERT,2025-08-22 06:02:35,2025-09-26 22:39:39
SID-00-000-000-000-000-114,12,EXPERT,2025-03-01 23:08:29,2025-11-09 03:50:23
SID-00-000-000-000-000-114,2.1,BEGINNER,2025-05-15 07:08:09,2026-05-29 13:16:03
SID-00-000-000-000-000-114,9,ADVANCED,2026-04-08 07:54:49,2026-08-11 01:02:13
SID-00-000-000-000-000-296,9,BEGINNER,2026-03-24 14:42:24,2026-06-06 16:50:25
SID-00-000-000-000-000-066,12,ADVANCED,2026-08-22 18:38:44,2026-08-26 20:02:36
SID-00-000-000-000-000-028,4,BEGINNER,2025-04-04 15:02:17,2025-09-27 17:21:42
SID-00-000-000-000-000-028,11,BEGINNER,2026-05-08 08:30:43,2026-07-21 15:01:49
SID-00-000-000-000-000-270,6,INTERMEDIATE,2025-09-06 00:29:30,2026-04-03 17:00:05
SID-00-000-000-000-000-270,1,INTERMEDIATE,2025-09-11 20:34:59,2026-03-25 23:18:19
SID-00-000-000-000-000-217,1,EXPERT,2026-06-08 05:28:15,2026-08-18 06:10:20
SID-00-000-000-000-000-245,10,BEGINNER,2026-03-23 19:31:39,2026-06-29 19:44:12
SID-00-000-000-000-000-245,7,ADVANCED,2025-06-22 11:58:34,2026-05-23 23:50:26
SID-00-000-000-000-000-277,2,EXPERT,2025-09-19 02:37:44,2025-10-21 04:00:18
SID-00-000-000-000-000-277,12,BEGINNER,2026-03-20 20:25:28,2026-08-12 13:50:39
SID-00-000-000-000-000-017,4,EXPERT,2025-11-06 13:04:56,2026-05-20 10:24:45
SID-00-000-000-000-000-017,3,INTERMEDIATE,2026-08-25 01:08:45,2026-08-29 06:46:50
SID-00-000-000-000-000-017,1.1,EXPERT,2026-08-15 21:19:23,2026-08-19 03:53:27
SID-00-000-000-000-000-258,2.1,INTERMEDIATE,2026-05-22 14:47:31,2026-06-29 16:40:51
SID-00-000-000-000-000-258,5,ADVANCED,2025-07-08 05:04:50,2025-09-01 20:37:16
SID-00-000-000-000-000-258,4,ADVANCED,2026-08-27 08:04:39,2026-08-29 22:42:37
SID-00-000-000-000-000-178,12,EXPERT,2025-03-29 09:42:31,2026-02-13 15:26:12
SID-00-000-000-000-000-178,7,INTERMEDIATE,2025-10-11 17:04:56,2026-02-23 23:32:48
SID-00-000-000-000-000-178,1.1,BEGINNER,2025-09-07 02:59:47,2026-01-18 22:12:04
SID-00-000-000-000-000-202,2,INTERMEDIATE,2026-04-24 15:11:30,2026-07-19 12:02:24
SID-00-000-000-000-000-202,3.1,INTERMEDIATE,2025-12-09 02:50:00,2025-12-26 13:07:20
SID-00-000-000-000-000-352,8,BEGINNER,2025-10-18 08:31:28,2025-12-17 22:28:04
SID-00-000-000-000-000-090,9,INTERMEDIATE,2025-02-12 08:39:44,2025-08-20 03:24:39
SID-00-000-000-000-000-235,1,ADVANCED,2026-06-23 21:16:49,2026-07-04 16:34:36
SID-00-000-000-000-000-235,3.1,BEGINNER,2025-12-16 13:45:20,2026-06-17 13:34:03
SID-00-000-000-000-000-393,2.1,INTERMEDIATE,2026-02-22 21:08:55,2026-04-05 00:33:32
SID-00-000-000-000-000-393,9,ADVANCED,2026-03-01 10:05:08,2026-06-11 00:40:52
SID-00-000-000-000-000-266,5,EXPERT,2025-04-20 18:54:24,2025-05-05 01:41:36
SID-00-000-000-000-000-266,7,BEGINNER,2026-03-29 19:59:59,2026-08-05 16:15:57
SID-00-000-000-000-000-266,9,BEGINNER,2025-07-18 10:03:05,2025-11-27 17:02:23
SID-00-000-000-000-000-236,2.1,ADVANCED,2026-06-26 00:11:54,2026-08-25 00:09:38
SID-00-000-000-000-000-236,10,BEGINNER,2025-02-11 05:34:50,2026-02-07 09:04:42
SID-00-000-000-000-000-381,4,ADVANCED,2026-05-28 22:14:30,2026-06-24 06:26:26
SID-00-000-000-000-000-353,1,EXPERT,2025-08-16 04:30:45,2026-07-19 01:21:49
SID-00-000-000-000-000-005,4,ADVANCED,2026-01-30 23:52:43,2026-03-10 16:15:08
SID-00-000-000-000-000-007,11,INTERMEDIATE,2026-02-17 21:00:31,2026-03-06 23:12:52
SID-00-000-000-000-000-007,7,EXPERT,2025-06-04 11:18:08,2026-06-28 08:06:35
SID-00-000-000-000-000-346,12,ADVANCED,2025-01-31 21:02:18,2025-08-12 00:45:43
SID-00-000-000-000-000-346,9,EXPERT,2025-09-17 02:11:19,2026-03-26 08:41:37
SID-00-000-000-000-000-346,1,BEGINNER,2026-08-02 04:26:55,2026-08-09 19:22:22
SID-00-000-000-000-000-108,8,ADVANCED,2025-10-04 00:43:42,2026-06-03 20:18:12
SID-00-000-000-000-000-108,3.1,ADVANCED,2025-07-03 11:10:33,2026-07-27 19:10:49
SID-00-000-000-000-000-195,8,BEGINNER,2025-07-20 03:29:29,2026-05-16 20:52:27
SID-00-000-000-000-000-298,3,INTERMEDIATE,2025-09-23 11:21:20,2026-02-23 00:57:04
SID-00-000-000-000-000-298,2.1,INTERMEDIATE,2025-03-10 04:37:03,2026-01-01 01:28:28
SID-00-000-000-000-000-298,2,INTERMEDIATE,2025-11-21 03:39:26,2026-02-22 11:58:56
SID-00-000-000-000-000-052,3,INTERMEDIATE,2025-09-13 18:18:44,2026-03-07 04:52:20
SID-00-000-000-000-000-052,7,INTERMEDIATE,2025-06-10 14:14:05,2025-09-26 05:29:18
SID-00-000-000-000-000-167,3,INTERMEDIATE,2026-06-19 19:10:06,2026-08-27 06:15:18
SID-00-000-000-000-000-186,12,INTERMEDIATE,2025-04-23 17:50:12,2026-07-06 11:17:50
SID-00-000-000-000-000-186,10,BEGINNER,2025-09-04 14:33:30,2025-09-30 22:37:51
SID-00-000-000-000-000-314,3.1,ADVANCED,2025-04-24 00:44:31,2025-05-16 22:21:04
SID-00-000-000-000-000-133,4,ADVANCED,2025-12-11 02:12:07,2026-08-15 10:02:59
SID-00-000-000-000-000-133,3,BEGINNER,2025-04-29 00:41:05,2025-09-22 00:01:15
SID-00-000-000-000-000-096,2,ADVANCED,2025-01-21 08:22:12,2026-05-11 16:32:01
SID-00-000-000-000-000-281,7,INTERMEDIATE,2026-04-09 04:58:08,2026-05-24 07:01:04
SID-00-000-000-000-000-281,12,ADVANCED,2026-06-18 21:39:09,2026-06-21 10:26:01
SID-00-000-000-000-000-281,2.1,EXPERT,2025-03-03 17:31:45,2026-08-20 05:24:44
SID-00-000-000-000-000-135,6,ADVANCED,2026-04-15 16:38:39,2026-07-15 17:14:25
SID-00-000-000-000-000-122,11,EXPERT,2025-10-28 22:46:59,2026-05-07 19:23:16
SID-00-000-000-000-000-138,2,BEGINNER,2025-05-31 02:37:27,2025-11-22 20:39:35
SID-00-000-000-000-000-242,10,INTERMEDIATE,2025-07-29 14:31:50,2026-06-15 10:13:45
SID-00-000-000-000-000-242,1,INTERMEDIATE,2026-07-31 14:43:03,2026-08-10 11:02:08
SID-00-000-000-000-000-343,2,EXPERT,2025-12-08 04:52:10,2026-08-04 20:16:46
SID-00-000-000-000-000-176,3.1,EXPERT,2025-07-11 16:23:03,2026-06-08 18:35:59
SID-00-000-000-000-000-176,11,EXPERT,2026-08-26 21:41:28,2026-08-27 03:46:57
SID-00-000-000-000-000-176,5,EXPERT,2026-07-14 09:31:05,2026-07-29 14:04:12
SID-00-000-000-000-000-188,9,BEGINNER,2026-02-21 10:44:07,2026-06-03 10:29:13
SID-00-000-000-000-000-188,7,EXPERT,2026-02-09 09:36:09,2026-03-23 20:30:15
SID-00-000-000-000-000-188,11,INTERMEDIATE,2025-12-21 21:14:28,2026-01-07 08:35:09
SID-00-000-000-000-000-095,6,EXPERT,2025-01-31 11:42:11,2026-04-09 16:00:08
SID-00-000-000-000-000-095,4,INTERMEDIATE,2026-02-05 21:17:55,2026-02-25 00:45:55
SID-00-000-000-000-000-095,9,EXPERT,2025-08-15 03:58:36,2026-02-01 20:54:56
SID-00-000-000-000-000-256,10,INTERMEDIATE,2025-08-11 01:50:03,2026-02-06 05:54:05
SID-00-000-000-000-000-256,11,BEGINNER,2025-11-25 03:15:57,2026-03-19 11:27:23
SID-00-000-000-000-000-218,6,BEGINNER,2026-05-17 20:12:18,2026-08-13 13:16:14
SID-00-000-000-000-000-218,2,BEGINNER,2026-07-16 07:06:45,2026-08-09 14:25:15
SID-00-000-000-000-000-218,5,INTERMEDIATE,2025-05-20 15:10:53,2026-08-18 08:43:04
SID-00-000-000-000-000-349,4,INTERMEDIATE,2025-12-17 05:07:17,2025-12-26 21:19:08
SID-00-000-000-000-000-349,3.1,INTERMEDIATE,2025-12-19 09:13:18,2026-08-05 15:21:38
SID-00-000-000-000-000-215,1.1,INTERMEDIATE,2025-09-09 17:11:30,2026-06-05 08:27:55
SID-00-000-000-000-000-215,3,BEGINNER,2026-07-12 23:28:31,2026-07-24 23:21:15
SID-00-000-000-000-000-383,9,ADVANCED,2025-12-16 01:23:37,2026-08-19 07:22:36
SID-00-000-000-000-000-187,6,INTERMEDIATE,2026-07-04 08:38:18,2026-08-10 15:37:36
SID-00-000-000-000-000-206,6,ADVANCED,2025-02-04 02:28:07,2025-06-16 19:59:43
SID-00-000-000-000-000-206,4,INTERMEDIATE,2026-03-16 05:31:37,2026-07-22 07:09:39
SID-00-000-000-000-000-374,11,BEGINNER,2025-04-23 07:40:36,2025-09-09 05:59:41
SID-00-000-000-000-000-231,3,EXPERT,2026-07-22 03:12:05,2026-08-28 10:43:14
SID-00-000-000-000-000-231,12,INTERMEDIATE,2025-08-13 07:15:33,2026-04-13 14:13:22
SID-00-000-000-000-000-093,12,BEGINNER,2025-04-13 04:39:42,2025-09-17 18:05:29
SID-00-000-000-000-000-293,10,EXPERT,2025-12-23 05:43:07,2026-07-04 11:56:38
SID-00-000-000-000-000-293,3,BEGINNER,2026-02-27 03:35:45,2026-08-02 22:36:24
SID-00-000-000-000-000-293,1,INTERMEDIATE,2026-04-18 05:38:30,2026-07-23 01:21:49
SID-00-000-000-000-000-068,7,EXPERT,2026-05-28 05:25:24,2026-07-13 09:54:45
SID-00-000-000-000-000-379,5,BEGINNER,2026-04-12 23:29:20,2026-08-07 12:10:02
SID-00-000-000-000-000-379,1.1,INTERMEDIATE,2025-07-10 01:47:02,2026-02-11 02:11:05
SID-00-000-000-000-000-400,2,ADVANCED,2025-04-26 03:41:43,2025-06-07 22:09:41
SID-00-000-000-000-000-350,2,ADVANCED,2025-01-26 04:34:40,2026-06-28 06:17:40
SID-00-000-000-000-000-139,12,EXPERT,2025-02-08 02:00:39,2025-05-03 15:49:25
SID-00-000-000-000-000-139,1.1,ADVANCED,2025-05-19 10:47:27,2025-09-21 18:17:50
SID-00-000-000-000-000-121,8,INTERMEDIATE,2026-04-08 03:01:32,2026-07-28 06:03:20
SID-00-000-000-000-000-121,9,ADVANCED,2025-12-20 16:06:44,2026-08-02 12:28:09
SID-00-000-000-000-000-121,11,ADVANCED,2025-01-28 20:06:24,2025-04-11 04:06:23
SID-00-000-000-000-000-285,3.1,BEGINNER,2025-02-22 13:23:53,2026-01-20 11:17:30
SID-00-000-000-000-000-285,4,INTERMEDIATE,2025-08-16 10:47:50,2026-02-15 07:07:41
SID-00-000-000-000-000-222,9,EXPERT,2025-08-02 03:31:56,2026-04-14 20:25:26
SID-00-000-000-000-000-196,2.1,BEGINNER,2026-04-21 09:30:31,2026-05-02 16:40:06
SID-00-000-000-000-000-196,9,BEGINNER,2026-03-20 19:03:15,2026-08-09 11:50:07
SID-00-000-000-000-000-196,12,EXPERT,2026-01-11 16:07:53,2026-05-03 04:54:39
SID-00-000-000-000-000-101,11,INTERMEDIATE,2026-02-13 02:00:08,2026-06-30 12:09:15
SID-00-000-000-000-000-101,3.1,EXPERT,2026-04-23 03:11:42,2026-08-10 09:15:39
SID-00-000-000-000-000-101,3,EXPERT,2026-02-08 16:01:05,2026-08-20 23:18:05
SID-00-000-000-000-000-075,12,ADVANCED,2026-04-19 08:08:48,2026-06-03 12:42:29
SID-00-000-000-000-000-077,1,EXPERT,2025-04-02 19:32:26,2025-04-21 10:41:12
SID-00-000-000-000-000-243,10,EXPERT,2025-06-11 00:55:36,2026-04-29 02:13:44
SID-00-000-000-000-000-243,1.1,ADVANCED,2025-02-05 08:02:09,2025-10-22 14:22:28
SID-00-000-000-000-000-243,9,INTERMEDIATE,2026-03-12 06:54:07,2026-08-15 19:20:13
SID-00-000-000-000-000-360,8,ADVANCED,2025-06-06 06:24:00,2026-01-11 00:18:08
SID-00-000-000-000-000-091,3,ADVANCED,2025-08-22 05:41:57,2026-03-07 00:23:19
SID-00-000-000-000-000-216,1.1,ADVANCED,2026-06-17 16:54:20,2026-07-20 01:30:39
SID-00-000-000-000-000-331,9,INTERMEDIATE,2026-04-24 10:56:53,2026-04-30 02:38:41
SID-00-000-000-000-000-331,7,ADVANCED,2025-05-31 16:42:45,2026-02-12 09:57:19
SID-00-000-000-000-000-069,5,INTERMEDIATE,2025-01-28 14:51:13,2026-06-14 02:41:00
SID-00-000-000-000-000-069,12,EXPERT,2026-01-09 23:43:37,2026-03-11 08:01:55
SID-00-000-000-000-000-069,10,ADVANCED,2026-02-22 01:48:01,2026-08-15 01:07:48
SID-00-000-000-000-000-265,10,ADVANCED,2025-11-18 12:38:39,2025-12-10 06:48:34
SID-00-000-000-000-000-265,11,ADVANCED,2026-03-15 19:17:38,2026-08-03 13:52:18
SID-00-000-000-000-000-274,6,ADVANCED,2026-03-25 11:28:19,2026-08-05 14:06:08
SID-00-000-000-000-000-274,1,INTERMEDIATE,2025-10-02 15:29:55,2025-10-28 08:38:55
SID-00-000-000-000-000-274,2.1,ADVANCED,2025-08-06 20:09:13,2025-08-31 01:15:48
SID-00-000-000-000-000-354,8,EXPERT,2025-05-09 21:53:43,2026-07-27 09:45:52
SID-00-000-000-000-000-354,6,ADVANCED,2025-05-26 12:59:45,2025-08-25 07:08:15
SID-00-000-000-000-000-250,11,EXPERT,2025-01-25 13:35:33,2025-08-24 10:40:16
SID-00-000-000-000-000-250,3.1,INTERMEDIATE,2025-03-09 10:01:40,2026-03-30 11:47:38
SID-00-000-000-000-000-250,9,ADVANCED,2025-10-16 14:49:11,2026-04-10 02:53:31
SID-00-000-000-000-000-154,6,BEGINNER,2025-08-23 19:37:17,2025-10-30 18:51:30
SID-00-000-000-000-000-129,10,BEGINNER,2026-08-28 03:03:49,2026-08-28 17:46:47
SID-00-000-000-000-000-129,1,BEGINNER,2025-12-11 16:32:55,2026-06-26 04:45:39
SID-00-000-000-000-000-288,12,ADVANCED,2025-04-30 16:13:04,2025-09-25 10:01:13
SID-00-000-000-000-000-288,6,ADVANCED,2026-01-11 12:34:12,2026-08-02 21:08:10
SID-00-000-000-000-000-291,2,INTERMEDIATE,2025-03-18 07:32:30,2026-04-23 05:12:43
SID-00-000-000-000-000-291,10,EXPERT,2025-06-09 08:57:53,2025-07-07 18:21:12
SID-00-000-000-000-000-025,9,BEGINNER,2026-02-10 17:12:51,2026-03-27 16:53:01
SID-00-000-000-000-000-025,11,BEGINNER,2025-08-30 13:06:42,2026-08-27 15:07:32
SID-00-000-000-000-000-373,11,BEGINNER,2025-09-16 20:58:16,2026-03-17 04:34:11
SID-00-000-000-000-000-373,7,ADVANCED,2025-03-22 01:58:33,2026-04-30 10:14:51
SID-00-000-000-000-000-373,1.1,ADVANCED,2025-01-18 11:03:44,2026-04-12 01:33:28
SID-00-000-000-000-000-051,12,ADVANCED,2025-06-05 18:37:32,2025-11-02 07:56:11
SID-00-000-000-000-000-051,2.1,EXPERT,2025-08-03 21:07:16,2026-04-08 18:30:15
SID-00-000-000-000-000-051,3.1,ADVANCED,2026-06-06 06:39:32,2026-06-17 16:48:18
SID-00-000-000-000-000-084,2,BEGINNER,2025-08-01 12:57:40,2025-10-29 10:39:27
SID-00-000-000-000-000-031,6,ADVANCED,2025-06-10 10:52:53,2026-08-05 20:20:58
SID-00-000-000-000-000-031,12,ADVANCED,2026-03-03 16:55:05,2026-05-04 13:09:55
SID-00-000-000-000-000-031,1.1,INTERMEDIATE,2025-04-20 22:48:37,2025-11-26 23:18:10
SID-00-000-000-000-000-111,1.1,ADVANCED,2025-08-30 20:29:54,2026-04-26 00:31:21
SID-00-000-000-000-000-131,5,BEGINNER,2025-01-23 12:27:46,2026-01-24 03:36:35
SID-00-000-000-000-000-131,1,BEGINNER,2025-03-24 06:37:15,2026-01-16 05:26:11
SID-00-000-000-000-000-131,2,EXPERT,2025-03-08 21:23:07,2026-02-03 03:16:58
SID-00-000-000-000-000-244,9,EXPERT,2026-04-09 00:30:27,2026-08-02 02:57:06
SID-00-000-000-000-000-050,3.1,BEGINNER,2025-06-03 21:43:49,2026-07-23 06:36:36
SID-00-000-000-000-000-050,3,EXPERT,2026-08-11 00:04:09,2026-08-29 13:22:51
SID-00-000-000-000-000-050,12,BEGINNER,2026-03-18 00:21:35,2026-04-12 14:34:12
SID-00-000-000-000-000-323,5,EXPERT,2025-08-30 02:07:13,2026-05-22 21:55:02
SID-00-000-000-000-000-323,1.1,INTERMEDIATE,2026-01-01 11:36:39,2026-04-01 11:09:26
SID-00-000-000-000-000-323,12,ADVANCED,2025-04-22 15:09:58,2026-08-14 19:48:00
SID-00-000-000-000-000-172,4,ADVANCED,2026-06-28 09:45:42,2026-07-30 11:28:53
SID-00-000-000-000-000-172,2,BEGINNER,2025-12-19 01:48:31,2026-06-26 09:42:02
SID-00-000-000-000-000-134,5,EXPERT,2025-03-29 16:22:02,2025-12-27 15:41:56
SID-00-000-000-000-000-185,11,ADVANCED,2025-08-08 05:39:31,2026-06-02 11:23:32
SID-00-000-000-000-000-185,2,INTERMEDIATE,2026-04-15 11:34:57,2026-08-05 01:46:38
SID-00-000-000-000-000-282,1.1,BEGINNER,2025-03-25 02:16:33,2025-12-03 04:55:40
SID-00-000-000-000-000-282,4,EXPERT,2025-08-23 15:53:24,2026-03-18 13:26:18
SID-00-000-000-000-000-282,9,EXPERT,2025-11-08 07:45:38,2026-06-25 15:57:16
SID-00-000-000-000-000-132,7,EXPERT,2025-07-09 06:43:50,2025-11-09 19:05:00
SID-00-000-000-000-000-177,1.1,EXPERT,2025-06-11 17:50:25,2026-05-12 15:01:50
SID-00-000-000-000-000-177,3.1,ADVANCED,2026-03-17 13:34:58,2026-08-17 10:47:29
SID-00-000-000-000-000-011,9,BEGINNER,2026-05-30 15:59:15,2026-08-03 16:16:50
SID-00-000-000-000-000-011,2.1,EXPERT,2026-07-29 06:48:02,2026-08-26 03:46:42
SID-00-000-000-000-000-011,2,EXPERT,2025-03-30 19:07:57,2026-07-03 17:51:12
SID-00-000-000-000-000-211,6,ADVANCED,2025-12-12 19:25:55,2026-02-19 05:29:33
SID-00-000-000-000-000-211,1.1,BEGINNER,2025-11-12 04:32:34,2025-12-09 05:19:58
SID-00-000-000-000-000-063,11,EXPERT,2025-10-22 07:24:47,2026-02-26 11:04:44
SID-00-000-000-000-000-063,7,BEGINNER,2026-05-16 23:28:06,2026-05-28 21:59:46
SID-00-000-000-000-000-063,10,BEGINNER,2025-06-19 00:34:38,2025-10-04 22:10:22
SID-00-000-000-000-000-180,8,ADVANCED,2025-04-26 21:35:45,2026-04-13 17:39:03
SID-00-000-000-000-000-102,7,INTERMEDIATE,2025-12-14 07:39:44,2026-02-28 07:24:26
SID-00-000-000-000-000-102,12,ADVANCED,2026-06-14 08:23:37,2026-07-15 02:07:11
SID-00-000-000-000-000-359,10,BEGINNER,2025-12-04 15:53:57,2026-04-17 08:40:40
SID-00-000-000-000-000-359,8,EXPERT,2026-03-29 14:49:05,2026-03-31 04:39:23
SID-00-000-000-000-000-359,3,BEGINNER,2025-04-10 01:48:37,2025-11-24 13:48:35
SID-00-000-000-000-000-146,12,ADVANCED,2025-02-11 06:21:53,2025-02-11 22:05:06
SID-00-000-000-000-000-146,6,BEGINNER,2025-03-27 04:55:29,2025-11-01 09:41:10
SID-00-000-000-000-000-182,4,EXPERT,2026-06-30 10:21:52,2026-08-26 17:32:45
SID-00-000-000-000-000-345,3.1,EXPERT,2025-11-12 08:59:50,2026-04-09 13:26:28
SID-00-000-000-000-000-345,9,INTERMEDIATE,2026-02-28 09:45:02,2026-04-10 10:05:19
SID-00-000-000-000-000-345,4,INTERMEDIATE,2026-01-04 20:14:41,2026-02-27 20:27:37
SID-00-000-000-000-000-375,4,ADVANCED,2025-11-21 01:50:00,2026-01-19 23:42:31
SID-00-000-000-000-000-375,11,INTERMEDIATE,2026-06-05 10:56:13,2026-06-17 15:29:15
SID-00-000-000-000-000-375,3.1,BEGINNER,2025-01-10 00:17:27,2025-03-06 17:43:59
SID-00-000-000-000-000-299,9,INTERMEDIATE,2026-01-14 00:46:13,2026-07-02 15:26:11
SID-00-000-000-000-000-229,2,EXPERT,2026-05-14 20:16:31,2026-08-03 14:18:07
SID-00-000-000-000-000-392,7,EXPERT,2025-05-20 15:39:57,2026-05-08 14:11:26
SID-00-000-000-000-000-392,4,EXPERT,2026-03-05 18:57:30,2026-08-12 00:46:05
SID-00-000-000-000-000-392,12,INTERMEDIATE,2025-10-26 19:36:07,2026-03-13 19:18:19
SID-00-000-000-000-000-312,4,EXPERT,2026-04-15 14:03:44,2026-04-17 00:41:18
SID-00-000-000-000-000-147,2.1,ADVANCED,2025-07-29 03:11:31,2026-06-13 05:45:49
SID-00-000-000-000-000-147,9,EXPERT,2025-01-26 23:46:28,2025-02-25 09:37:47
SID-00-000-000-000-000-147,6,BEGINNER,2026-07-02 11:57:46,2026-08-07 06:48:47
SID-00-000-000-000-000-238,5,ADVANCED,2025-04-21 08:42:09,2026-06-04 05:39:35
SID-00-000-000-000-000-238,9,BEGINNER,2025-12-28 03:02:28,2026-07-16 21:21:36
SID-00-000-000-000-000-238,1.1,INTERMEDIATE,2026-02-11 12:04:39,2026-03-17 20:27:26
SID-00-000-000-000-000-310,8,BEGINNER,2026-05-31 12:57:11,2026-08-04 11:10:36
SID-00-000-000-000-000-310,9,ADVANCED,2026-06-16 08:03:50,2026-08-16 20:39:47
SID-00-000-000-000-000-086,1,EXPERT,2026-08-28 16:47:51,2026-08-28 17:34:57
SID-00-000-000-000-000-086,3.1,EXPERT,2025-12-19 15:49:17,2026-07-06 18:11:16
SID-00-000-000-000-000-086,6,ADVANCED,2026-03-22 19:29:19,2026-08-12 07:18:44
SID-00-000-000-000-000-173,3.1,INTERMEDIATE,2025-08-17 20:04:35,2025-12-08 03:41:40
SID-00-000-000-000-000-173,10,ADVANCED,2025-01-28 10:31:43,2026-07-22 07:13:16
SID-00-000-000-000-000-305,10,EXPERT,2025-02-17 16:54:36,2026-06-21 11:54:47
SID-00-000-000-000-000-305,7,BEGINNER,2026-03-26 01:19:51,2026-04-27 21:17:49
SID-00-000-000-000-000-305,3,BEGINNER,2026-05-25 18:41:21,2026-07-21 10:21:27
SID-00-000-000-000-000-208,5,BEGINNER,2025-04-09 12:07:15,2026-05-07 05:06:55
SID-00-000-000-000-000-208,1.1,INTERMEDIATE,2025-08-04 19:28:37,2026-02-16 14:02:51
SID-00-000-000-000-000-037,3,BEGINNER,2025-01-12 00:45:47,2026-08-10 22:00:16
SID-00-000-000-000-000-037,12,INTERMEDIATE,2026-04-15 00:02:57,2026-05-18 21:48:31
SID-00-000-000-000-000-037,11,ADVANCED,2026-05-27 23:33:06,2026-07-10 08:19:44
SID-00-000-000-000-000-356,3,EXPERT,2026-06-29 07:23:25,2026-07-22 05:45:59
SID-00-000-000-000-000-042,10,ADVANCED,2026-02-14 15:14:26,2026-02-27 11:39:59
SID-00-000-000-000-000-088,2,EXPERT,2026-04-08 13:44:47,2026-05-08 12:08:19
SID-00-000-000-000-000-059,10,INTERMEDIATE,2025-07-04 19:39:42,2026-06-11 17:18:17
SID-00-000-000-000-000-059,4,BEGINNER,2025-06-13 18:39:16,2026-03-08 19:19:55
SID-00-000-000-000-000-081,3,EXPERT,2025-02-10 19:06:12,2025-06-20 23:24:04
SID-00-000-000-000-000-081,10,ADVANCED,2025-11-06 17:08:30,2026-05-10 15:56:42
SID-00-000-000-000-000-081,1.1,INTERMEDIATE,2026-01-05 22:14:46,2026-07-31 17:42:00
SID-00-000-000-000-000-082,8,ADVANCED,2025-10-30 23:26:27,2026-05-03 06:56:10
SID-00-000-000-000-000-082,9,EXPERT,2025-04-23 17:47:20,2026-06-09 17:56:48
SID-00-000-000-000-000-168,3,ADVANCED,2025-12-15 14:37:22,2026-05-12 23:09:32
SID-00-000-000-000-000-269,8,EXPERT,2026-02-17 16:01:33,2026-07-05 01:56:33
SID-00-000-000-000-000-269,1,ADVANCED,2026-04-20 04:16:32,2026-08-24 19:07:22
SID-00-000-000-000-000-269,1.1,ADVANCED,2025-09-18 04:14:42,2026-01-01 03:52:01
SID-00-000-000-000-000-271,3,EXPERT,2026-05-24 05:50:34,2026-08-08 04:45:05
SID-00-000-000-000-000-303,9,INTERMEDIATE,2026-06-06 20:56:04,2026-08-03 00:45:41
SID-00-000-000-000-000-303,2.1,INTERMEDIATE,2026-02-08 20:36:49,2026-06-19 21:28:15
SID-00-000-000-000-000-303,12,BEGINNER,2025-09-01 07:46:22,2026-04-01 23:53:30
SID-00-000-000-000-000-155,1,BEGINNER,2025-01-10 06:58:36,2025-11-25 17:12:33
SID-00-000-000-000-000-155,11,EXPERT,2026-02-12 23:38:08,2026-03-25 08:07:17
SID-00-000-000-000-000-155,1.1,ADVANCED,2025-10-01 00:44:27,2025-12-25 05:50:57
SID-00-000-000-000-000-166,2.1,BEGINNER,2025-01-19 09:48:31,2026-05-15 12:12:35
SID-00-000-000-000-000-166,1,INTERMEDIATE,2025-02-14 04:21:20,2026-05-21 15:54:05
SID-00-000-000-000-000-301,8,INTERMEDIATE,2025-04-04 04:32:07,2025-06-10 06:53:38
SID-00-000-000-000-000-301,1.1,INTERMEDIATE,2025-10-20 00:22:23,2026-07-01 22:24:51
SID-00-000-000-000-000-301,9,ADVANCED,2025-03-28 02:18:07,2025-08-18 05:12:47
SID-00-000-000-000-000-070,5,EXPERT,2025-02-28 19:24:52,2026-07-09 23:08:46
SID-00-000-000-000-000-070,8,ADVANCED,2025-08-03 16:09:46,2026-07-01 07:42:36
SID-00-000-000-000-000-228,2,BEGINNER,2025-02-27 11:24:18,2025-09-30 20:25:05
SID-00-000-000-000-000-228,10,ADVANCED,2025-10-25 07:53:26,2026-03-25 05:48:57
SID-00-000-000-000-000-372,3,EXPERT,2025-07-25 13:42:37,2025-12-10 18:33:22
SID-00-000-000-000-000-200,5,INTERMEDIATE,2025-06-05 20:44:36,2026-04-06 19:58:47
SID-00-000-000-000-000-221,5,EXPERT,2026-02-24 22:06:49,2026-07-24 04:32:57
SID-00-000-000-000-000-221,1.1,EXPERT,2025-06-19 15:01:09,2025-09-10 03:39:26
SID-00-000-000-000-000-221,2,BEGINNER,2026-07-10 16:01:42,2026-08-04 19:32:00
SID-00-000-000-000-000-322,1.1,ADVANCED,2025-02-24 16:34:51,2026-05-14 11:12:55
SID-00-000-000-000-000-192,1,BEGINNER,2025-04-26 14:50:41,2025-04-27 07:01:07
SID-00-000-000-000-000-192,5,ADVANCED,2026-06-01 05:09:02,2026-07-09 03:02:37
SID-00-000-000-000-000-151,9,BEGINNER,2025-09-14 04:29:34,2026-02-13 03:57:22
SID-00-000-000-000-000-283,9,EXPERT,2026-01-07 09:09:53,2026-06-25 17:31:00
SID-00-000-000-000-000-283,10,BEGINNER,2026-07-20 06:34:04,2026-08-27 04:25:31
SID-00-000-000-000-000-283,5,BEGINNER,2026-02-24 12:43:44,2026-04-09 09:15:05
SID-00-000-000-000-000-116,9,BEGINNER,2026-08-29 17:04:57,2026-08-30 10:38:02
SID-00-000-000-000-000-116,11,ADVANCED,2026-03-17 14:11:32,2026-06-29 12:53:24
SID-00-000-000-000-000-106,8,BEGINNER,2025-11-08 04:00:04,2025-11-29 14:27:09
SID-00-000-000-000-000-106,3,ADVANCED,2025-10-11 18:43:03,2026-05-07 09:47:44
SID-00-000-000-000-000-043,11,INTERMEDIATE,2025-12-24 00:17:54,2026-04-15 14:54:32
SID-00-000-000-000-000-048,6,INTERMEDIATE,2025-01-31 13:11:10,2025-11-25 22:30:57
SID-00-000-000-000-000-219,9,ADVANCED,2025-03-24 22:18:00,2026-07-27 17:51:14
SID-00-000-000-000-000-219,4,EXPERT,2026-01-13 21:05:00,2026-02-15 20:03:32
SID-00-000-000-000-000-006,2.1,INTERMEDIATE,2025-05-30 23:30:33,2025-06-19 16:20:22
SID-00-000-000-000-000-006,2,BEGINNER,2026-01-15 23:57:20,2026-06-15 23:31:53
SID-00-000-000-000-000-006,1,ADVANCED,2026-02-24 20:37:13,2026-06-29 19:07:01
SID-00-000-000-000-000-033,6,BEGINNER,2025-12-15 23:41:40,2025-12-22 08:43:26
SID-00-000-000-000-000-033,11,ADVANCED,2025-09-21 12:43:58,2025-10-13 07:11:53
SID-00-000-000-000-000-326,1,EXPERT,2025-06-14 09:58:01,2026-07-25 17:37:25
SID-00-000-000-000-000-326,4,INTERMEDIATE,2026-06-11 16:17:12,2026-08-02 18:33:55
SID-00-000-000-000-000-326,1.1,INTERMEDIATE,2026-07-30 14:12:04,2026-08-27 17:11:16
SID-00-000-000-000-000-061,1,EXPERT,2026-07-26 05:57:46,2026-08-02 02:55:39
SID-00-000-000-000-000-170,1,INTERMEDIATE,2025-02-05 13:48:19,2025-08-13 01:44:09
SID-00-000-000-000-000-170,5,BEGINNER,2025-01-12 03:47:12,2025-05-25 22:44:27
SID-00-000-000-000-000-170,7,BEGINNER,2025-08-27 17:10:59,2026-07-12 11:01:37
SID-00-000-000-000-000-065,7,BEGINNER,2026-04-05 01:49:50,2026-04-17 11:53:40
SID-00-000-000-000-000-065,2,INTERMEDIATE,2025-03-30 16:27:48,2026-04-20 19:53:23
SID-00-000-000-000-000-327,10,ADVANCED,2025-06-07 09:30:16,2026-05-04 10:39:43
SID-00-000-000-000-000-275,8,INTERMEDIATE,2025-04-04 19:55:14,2026-06-26 04:43:25
SID-00-000-000-000-000-275,4,INTERMEDIATE,2025-09-07 18:52:11,2026-07-29 14:56:06
SID-00-000-000-000-000-275,3.1,INTERMEDIATE,2026-08-17 14:14:25,2026-08-18 16:47:46
SID-00-000-000-000-000-237,1.1,EXPERT,2025-08-01 17:44:32,2025-11-19 10:35:13
SID-00-000-000-000-000-237,12,INTERMEDIATE,2025-05-11 12:41:41,2026-02-22 20:38:24
SID-00-000-000-000-000-021,2.1,BEGINNER,2025-02-01 14:40:56,2025-05-16 04:53:44
SID-00-000-000-000-000-021,7,INTERMEDIATE,2026-05-07 00:57:42,2026-07-19 01:51:33
SID-00-000-000-000-000-054,12,BEGINNER,2026-01-14 05:43:54,2026-02-14 14:07:15
SID-00-000-000-000-000-232,2,ADVANCED,2025-03-11 05:42:47,2026-07-30 11:19:17
SID-00-000-000-000-000-287,9,INTERMEDIATE,2026-08-24 01:36:45,2026-08-29 20:15:40
SID-00-000-000-000-000-287,10,ADVANCED,2025-06-10 03:06:18,2025-09-29 06:27:21
SID-00-000-000-000-000-027,5,INTERMEDIATE,2025-05-16 13:49:40,2025-06-14 19:08:16
SID-00-000-000-000-000-027,4,BEGINNER,2026-07-12 01:33:13,2026-08-29 14:22:34
SID-00-000-000-000-000-027,2.1,ADVANCED,2026-05-03 03:41:59,2026-06-30 15:23:32
SID-00-000-000-000-000-294,1,BEGINNER,2025-07-03 00:37:46,2025-11-29 01:57:29
SID-00-000-000-000-000-294,6,ADVANCED,2026-02-16 19:37:33,2026-03-25 23:27:50
SID-00-000-000-000-000-364,6,INTERMEDIATE,2026-08-22 08:00:57,2026-08-29 22:29:12
SID-00-000-000-000-000-364,2.1,INTERMEDIATE,2025-08-03 16:57:54,2025-09-13 22:14:35
SID-00-000-000-000-000-364,5,EXPERT,2025-03-29 12:29:27,2025-07-23 10:06:18
SID-00-000-000-000-000-338,2,BEGINNER,2026-06-05 12:21:50,2026-06-09 16:49:49
SID-00-000-000-000-000-338,12,ADVANCED,2026-05-16 21:04:38,2026-07-26 14:20:23
SID-00-000-000-000-000-378,4,EXPERT,2025-07-15 06:05:45,2026-03-31 21:47:57
SID-00-000-000-000-000-014,1.1,INTERMEDIATE,2026-07-30 02:22:16,2026-08-01 15:29:14
SID-00-000-000-000-000-351,10,BEGINNER,2025-01-23 13:48:54,2026-02-04 08:00:53
SID-00-000-000-000-000-198,12,ADVANCED,2025-07-02 18:18:24,2026-06-13 06:22:08
SID-00-000-000-000-000-367,2.1,INTERMEDIATE,2026-06-10 17:26:45,2026-07-12 08:20:48
SID-00-000-000-000-000-367,9,ADVANCED,2026-08-29 01:09:06,2026-08-29 09:10:16
SID-00-000-000-000-000-339,1.1,INTERMEDIATE,2025-07-04 04:12:23,2026-05-20 15:32:35
SID-00-000-000-000-000-302,12,EXPERT,2025-02-27 02:41:35,2026-02-27 22:35:16
SID-00-000-000-000-000-302,2.1,INTERMEDIATE,2025-02-12 04:57:32,2026-01-16 18:04:21
SID-00-000-000-000-000-385,12,INTERMEDIATE,2026-04-19 08:39:53,2026-07-16 17:04:33
SID-00-000-000-000-000-259,3.1,ADVANCED,2025-12-22 12:53:44,2026-03-07 22:33:02
SID-00-000-000-000-000-259,2,ADVANCED,2025-07-29 11:28:13,2026-01-02 12:57:16
SID-00-000-000-000-000-320,1,BEGINNER,2026-06-22 15:44:22,2026-08-16 20:49:36
SID-00-000-000-000-000-159,2,EXPERT,2025-12-28 14:11:17,2026-06-24 16:27:12
SID-00-000-000-000-000-159,1.1,INTERMEDIATE,2025-05-13 23:25:25,2026-02-04 20:08:40
SID-00-000-000-000-000-040,7,INTERMEDIATE,2026-05-11 13:10:02,2026-06-13 13:07:26
SID-00-000-000-000-000-040,2,EXPERT,2025-03-09 03:59:54,2026-01-22 22:34:14
