user_id,prev_loc,curr_loc,last_updated_at
SID-00-000-000-000-000-001,POINT(-122.322152 47.632698),POINT(-122.316532 47.625785),2026-06-20 04:25:22
SID-00-000-000-000-000-002,POINT(-81.351307 28.576747),POINT(-81.356182 28.590375),2026-07-30 04:28:21
SID-00-000-000-000-000-003,POINT(-81.316089 28.472678),POINT(-81.331945 28.503057),2026-08-20 04:31:59
SID-00-000-000-000-000-004,POINT(-80.86272 35.175095),POINT(-80.8405 35.204636),2026-05-16 07:30:02
SID-00-000-000-000-000-005,POINT(-121.904763 37.358715),POINT(-121.925913 37.366161),2026-03-11 02:38:14
SID-00-000-000-000-000-006,POINT(-84.409775 33.746804),POINT(-84.419498 33.758812),2026-04-18 09:44:58
SID-00-000-000-000-000-007,POINT(-95.359678 29.689973),POINT(-95.338502 29.713668),2026-08-21 21:10:10
SID-00-000-000-000-000-008,POINT(-95.354764 29.775257),POINT(-95.359735 29.785298),2026-08-29 04:12:34
SID-00-000-000-000-000-009,POINT(-77.196721 39.049992),POINT(-77.186791 39.055126),2026-06-12 04:12:42
SID-00-000-000-000-000-010,POINT(-84.355373 33.729289),POINT(-84.351228 33.733214),2026-05-08 18:11:13
SID-00-000-000-000-000-011,POINT(-88.183148 41.741995),POINT(-88.176432 41.752169),2025-03-23 03:20:59
SID-00-000-000-000-000-012,POINT(-104.866303 39.695873),POINT(-104.865695 39.685554),2026-08-02 16:42:33
SID-00-000-000-000-000-013,POINT(-104.856119 39.744795),POINT(-104.857694 39.730122),2026-04-26 06:24:10
SID-00-000-000-000-000-014,POINT(-88.15013 41.72431),POINT(-88.14657 41.705581),2026-06-11 17:12:25
SID-00-000-000-000-000-015,POINT(-73.768348 42.63238),POINT(-73.768004 42.651147),2025-09-11 10:10:38
SID-00-000-000-000-000-016,POINT(-76.251658 36.901533),POINT(-76.243951 36.901748),2026-01-29 05:47:01
SID-00-000-000-000-000-017,POINT(-95.395555 29.714725),POINT(-95.377541 29.702506),2026-03-29 09:26:23
SID-00-000-000-000-000-018,POINT(-73.987349 40.691694),POINT(-73.996407 40.722429),2026-08-27 10:34:05
SID-00-000-000-000-000-019,POINT(-112.142207 33.398829),POINT(-112.12356 33.398843),2026-02-18 21:04:12
SID-00-000-000-000-000-020,POINT(-82.457925 27.974408),POINT(-82.45044 27.955246),2026-02-13 10:22:10
SID-00-000-000-000-000-021,POINT(-122.33732 47.575732),POINT(-122.311622 47.553959),2026-03-29 11:29:45
SID-00-000-000-000-000-022,POINT(-76.670045 39.29965),POINT(-76.644344 39.282294),2026-06-10 16:41:21
SID-00-000-000-000-000-023,POINT(-80.80951 35.236869),POINT(-80.820959 35.256429),2026-04-24 03:49:09
SID-00-000-000-000-000-024,POINT(-80.844629 35.214278),POINT(-80.843366 35.190166),2026-08-16 22:51:28
SID-00-000-000-000-000-025,POINT(-82.048093 33.473274),POINT(-82.05327 33.462325),2026-08-18 14:38:51
SID-00-000-000-000-000-026,POINT(-77.069584 38.843323),POINT(-77.041598 38.871567),2025-06-29 04:30:10
SID-00-000-000-000-000-027,POINT(-84.447471 39.096786),POINT(-84.478694 39.060793),2025-10-16 17:34:20
SID-00-000-000-000-000-028,POINT(-96.739258 32.722017),POINT(-96.76688 32.737132),2026-07-29 18:15:03
SID-00-000-000-000-000-029,POINT(-74.017714 40.726609),POINT(-74.020135 40.722621),2025-08-22 08:13:56
SID-00-000-000-000-000-030,POINT(-77.109831 39.066184),POINT(-77.098499 39.044186),2026-08-06 22:34:48
SID-00-000-000-000-000-031,POINT(-82.520681 27.924722),POINT(-82.495565 27.919038),2026-07-14 20:10:39
SID-00-000-000-000-000-032,POINT(-80.003401 40.442947),POINT(-79.981726 40.459505),2026-03-09 04:17:41
SID-00-000-000-000-000-033,POINT(-84.365757 33.732409),POINT(-84.364535 33.727774),2026-05-25 18:16:21
SID-00-000-000-000-000-034,POINT(-78.608823 35.744599),POINT(-78.618884 35.760599),2026-08-13 22:45:56
SID-00-000-000-000-000-035,POINT(-71.167306 42.362627),POINT(-71.143119 42.349275),2026-02-28 22:31:49
SID-00-000-000-000-000-036,POINT(-97.720895 30.210772),POINT(-97.696266 30.222387),2026-08-24 16:16:14
SID-00-000-000-000-000-037,POINT(-74.029108 40.728093),POINT(-74.055979 40.726749),2026-08-15 16:59:49
SID-00-000-000-000-000-038,POINT(-76.237493 36.8054),POINT(-76.252341 36.824687),2026-06-21 18:42:10
SID-00-000-000-000-000-039,POINT(-111.84104 33.392973),POINT(-111.870942 33.406668),2026-05-16 09:42:28
SID-00-000-000-000-000-040,POINT(-87.658243 41.912366),POINT(-87.649282 41.907889),2026-08-27 20:25:27
SID-00-000-000-000-000-041,POINT(-104.979555 39.723211),POINT(-104.995312 39.691491),2026-07-07 03:54:43
SID-00-000-000-000-000-042,POINT(-111.852654 33.401577),POINT(-111.883705 33.406288),2025-12-03 03:26:55
SID-00-000-000-000-000-043,POINT(-78.639291 35.793119),POINT(-78.653665 35.780601),2026-06-17 01:31:28
SID-00-000-000-000-000-044,POINT(-77.118891 39.09272),POINT(-77.143374 39.086655),2026-03-25 16:35:47
SID-00-000-000-000-000-045,POINT(-81.425427 28.482289),POINT(-81.402326 28.505539),2026-08-21 14:16:54
SID-00-000-000-000-000-046,POINT(-76.212242 36.874419),POINT(-76.242737 36.851883),2025-10-12 05:42:56
SID-00-000-000-000-000-047,POINT(-112.116545 33.437372),POINT(-112.103391 33.46667),2026-08-10 01:51:52
SID-00-000-000-000-000-048,POINT(-84.49885 39.139892),POINT(-84.495008 39.143955),2026-08-28 06:29:24
SID-00-000-000-000-000-049,POINT(-82.426786 27.944212),POINT(-82.44685 27.925835),2026-08-11 06:31:30
SID-00-000-000-000-000-050,POINT(-122.430467 47.218763),POINT(-122.46516 47.247824),2026-07-25 12:36:19
SID-00-000-000-000-000-051,POINT(-79.985452 40.489811),POINT(-79.997236 40.470584),2026-08-23 13:14:10
SID-00-000-000-000-000-052,POINT(-122.400916 47.65869),POINT(-122.364486 47.644916),2026-01-27 02:03:39
SID-00-000-000-000-000-053,POINT(-111.01179 32.173107),POINT(-111.011127 32.184125),2026-03-04 13:36:17
SID-00-000-000-000-000-054,POINT(-121.865212 37.36011),POINT(-121.882203 37.36437),2026-08-16 15:05:49
SID-00-000-000-000-000-055,POINT(-80.847853 35.195806),POINT(-80.872077 35.220482),2026-07-13 08:18:30
SID-00-000-000-000-000-056,POINT(-122.443549 47.21867),POINT(-122.458254 47.257668),2026-07-01 23:15:54
SID-00-000-000-000-000-057,POINT(-78.880233 35.978073),POINT(-78.872479 35.999785),2026-06-29 03:03:57
SID-00-000-000-000-000-058,POINT(-80.865232 35.226999),POINT(-80.877142 35.245115),2025-12-29 21:56:44
SID-00-000-000-000-000-059,POINT(-81.675272 41.491969),POINT(-81.707593 41.501984),2026-05-15 12:33:52
SID-00-000-000-000-000-060,POINT(-87.584531 41.896734),POINT(-87.610832 41.894839),2026-04-07 14:39:40
SID-00-000-000-000-000-061,POINT(-84.512812 39.150549),POINT(-84.549232 39.125086),2026-03-15 19:38:53
SID-00-000-000-000-000-062,POINT(-84.489682 39.079365),POINT(-84.487693 39.059789),2026-07-17 05:11:56
SID-00-000-000-000-000-063,POINT(-97.700012 30.26654),POINT(-97.720959 30.263236),2026-01-23 10:37:47
SID-00-000-000-000-000-064,POINT(-77.117745 39.130727),POINT(-77.130693 39.122338),2026-06-27 06:25:58
SID-00-000-000-000-000-065,POINT(-121.883126 37.316839),POINT(-121.897823 37.303178),2026-08-20 23:03:54
SID-00-000-000-000-000-066,POINT(-87.58919 41.874691),POINT(-87.6007 41.896089),2026-08-01 15:48:40
SID-00-000-000-000-000-067,POINT(-71.099409 42.38805),POINT(-71.103151 42.409748),2026-08-27 10:57:00
SID-00-000-000-000-000-068,POINT(-80.004629 40.5044),POINT(-79.991146 40.491455),2026-01-29 19:05:22
SID-00-000-000-000-000-069,POINT(-78.873843 36.040765),POINT(-78.875557 36.046138),2026-07-21 20:46:12
SID-00-000-000-000-000-070,POINT(-111.894349 33.477208),POINT(-111.888865 33.452494),2026-03-16 11:14:52
SID-00-000-000-000-000-071,POINT(-78.827492 42.881765),POINT(-78.839388 42.891555),2025-12-16 09:22:56
SID-00-000-000-000-000-072,POINT(-81.057494 32.045771),POINT(-81.036042 32.030779),2025-11-21 04:57:34
SID-00-000-000-000-000-073,POINT(-81.43123 28.562951),POINT(-81.395088 28.590854),2026-05-16 14:32:00
SID-00-000-000-000-000-074,POINT(-122.478649 47.207046),POINT(-122.493893 47.224812),2026-07-24 23:54:54
SID-00-000-000-000-000-075,POINT(-117.431318 47.634305),POINT(-117.420208 47.662967),2026-03-22 08:49:30
SID-00-000-000-000-000-076,POINT(-77.046817 38.910007),POINT(-77.060697 38.912179),2026-06-24 21:39:54
SID-00-000-000-000-000-077,POINT(-112.092017 33.469849),POINT(-112.073079 33.489129),2026-04-08 21:04:02
SID-00-000-000-000-000-078,POINT(-71.793359 42.231314),POINT(-71.782637 42.250743),2026-06-27 03:12:20
SID-00-000-000-000-000-079,POINT(-82.967662 39.910556),POINT(-82.983135 39.941134),2026-06-29 22:43:52
SID-00-000-000-000-000-080,POINT(-105.338097 40.050835),POINT(-105.324056 40.053583),2025-07-30 10:00:34
SID-00-000-000-000-000-081,POINT(-84.539708 39.133927),POINT(-84.547616 39.131275),2026-04-10 09:54:45
SID-00-000-000-000-000-082,POINT(-78.874255 42.905248),POINT(-78.875003 42.905766),2026-07-15 16:16:21
SID-00-000-000-000-000-083,POINT(-81.706954 41.527097),POINT(-81.693013 41.516974),2025-11-17 17:46:40
SID-00-000-000-000-000-084,POINT(-82.49985 27.949165),POINT(-82.485071 27.929383),2026-08-16 23:18:55
SID-00-000-000-000-000-085,POINT(-76.460515 38.985676),POINT(-76.466555 39.010182),2026-05-28 04:53:43
SID-00-000-000-000-000-086,POINT(-75.494988 40.660449),POINT(-75.470933 40.628284),2026-02-28 14:58:33
SID-00-000-000-000-000-087,POINT(-81.73402 41.509911),POINT(-81.737995 41.514743),2025-10-02 22:41:40
SID-00-000-000-000-000-088,POINT(-112.042375 33.412293),POINT(-112.031711 33.421526),2026-03-06 17:56:01
SID-00-000-000-000-000-089,POINT(-111.759851 33.410541),POINT(-111.781714 33.430465),2026-08-29 12:22:00
SID-00-000-000-000-000-090,POINT(-89.662741 39.813363),POINT(-89.639204 39.794653),2026-07-15 08:41:54
SID-00-000-000-000-000-091,POINT(-76.531494 38.945592),POINT(-76.528469 38.94751),2026-08-04 07:52:34
SID-00-000-000-000-000-092,POINT(-121.862477 37.304318),POINT(-121.885789 37.310727),2026-06-22 02:30:25
SID-00-000-000-000-000-093,POINT(-110.915094 32.242353),POINT(-110.938025 32.226821),2026-07-21 02:05:38
SID-00-000-000-000-000-094,POINT(-79.94063 40.420406),POINT(-79.943559 40.438027),2026-06-05 18:26:24
SID-00-000-000-000-000-095,POINT(-75.535604 40.611839),POINT(-75.543408 40.616308),2026-06-04 10:03:02
SID-00-000-000-000-000-096,POINT(-83.003543 40.00126),POINT(-83.020782 40.000306),2026-08-29 18:16:15
SID-00-000-000-000-000-097,POINT(-71.033724 42.337389),POINT(-71.019653 42.311589),2026-08-27 11:38:18
SID-00-000-000-000-000-098,POINT(-80.843882 35.171322),POINT(-80.849817 35.182252),2026-06-21 07:56:37
SID-00-000-000-000-000-099,POINT(-82.942891 39.985229),POINT(-82.948779 39.989076),2026-07-15 14:04:35
SID-00-000-000-000-000-100,POINT(-82.455175 27.937567),POINT(-82.443554 27.919333),2025-12-18 21:26:51
SID-00-000-000-000-000-101,POINT(-84.47045 39.131417),POINT(-84.496669 39.107135),2026-06-05 22:23:44
SID-00-000-000-000-000-102,POINT(-81.393711 28.58352),POINT(-81.381681 28.575994),2026-01-05 17:06:36
SID-00-000-000-000-000-103,POINT(-122.353843 47.615279),POINT(-122.325996 47.624711),2025-03-31 13:00:24
SID-00-000-000-000-000-104,POINT(-84.51812 39.094699),POINT(-84.498651 39.116461),2025-12-24 15:53:03
SID-00-000-000-000-000-105,POINT(-122.344728 47.594952),POINT(-122.365119 47.614828),2026-06-10 01:49:39
SID-00-000-000-000-000-106,POINT(-82.957415 39.972073),POINT(-82.966138 39.988058),2026-08-24 00:43:37
SID-00-000-000-000-000-107,POINT(-78.880521 36.008122),POINT(-78.85218 36.01387),2025-11-24 23:22:45
SID-00-000-000-000-000-108,POINT(-121.487117 38.577179),POINT(-121.510297 38.582904),2026-02-04 08:03:27
SID-00-000-000-000-000-109,POINT(-96.854653 32.737496),POINT(-96.84405 32.722714),2026-06-26 16:55:05
SID-00-000-000-000-000-110,POINT(-71.143071 42.311887),POINT(-71.119008 42.34003),2026-02-05 12:33:57
SID-00-000-000-000-000-111,POINT(-83.010646 39.883703),POINT(-83.027349 39.913031),2025-06-28 12:50:29
SID-00-000-000-000-000-112,POINT(-97.737954 30.265727),POINT(-97.713464 30.250604),2026-08-27 23:48:50
SID-00-000-000-000-000-113,POINT(-76.607865 39.330706),POINT(-76.612113 39.329642),2026-07-23 19:58:58
SID-00-000-000-000-000-114,POINT(-71.088313 42.348152),POINT(-71.085081 42.369619),2025-12-13 09:03:06
SID-00-000-000-000-000-115,POINT(-84.382283 33.734002),POINT(-84.406222 33.744217),2026-03-16 03:31:36
SID-00-000-000-000-000-116,POINT(-77.099734 39.096777),POINT(-77.100725 39.059946),2026-06-18 19:59:02
SID-00-000-000-000-000-117,POINT(-71.058699 42.330066),POINT(-71.055901 42.321146),2026-07-16 13:27:25
SID-00-000-000-000-000-118,POINT(-87.59622 41.857757),POINT(-87.609812 41.884977),2026-03-08 20:18:38
SID-00-000-000-000-000-119,POINT(-77.145289 38.918555),POINT(-77.128543 38.90568),2026-01-13 04:15:57
SID-00-000-000-000-000-120,POINT(-122.449285 47.263967),POINT(-122.472604 47.254432),2026-01-19 13:46:21
SID-00-000-000-000-000-121,POINT(-77.363865 37.579585),POINT(-77.386805 37.555679),2026-06-25 02:56:16
SID-00-000-000-000-000-122,POINT(-75.49073 40.576102),POINT(-75.467518 40.56634),2026-06-02 03:11:06
SID-00-000-000-000-000-123,POINT(-122.361986 47.612062),POINT(-122.371124 47.624134),2025-10-05 21:05:38
SID-00-000-000-000-000-124,POINT(-79.972361 40.497253),POINT(-79.986213 40.480198),2026-07-29 00:44:36
SID-00-000-000-000-000-125,POINT(-80.835211 35.267007),POINT(-80.855473 35.280246),2026-08-27 15:02:15
SID-00-000-000-000-000-126,POINT(-112.04742 33.424038),POINT(-112.072167 33.448949),2026-08-29 08:06:08
SID-00-000-000-000-000-127,POINT(-96.755799 32.823735),POINT(-96.775477 32.79536),2025-08-13 10:30:25
SID-00-000-000-000-000-128,POINT(-71.144822 42.421628),POINT(-71.130044 42.39904),2025-11-20 09:25:19
SID-00-000-000-000-000-129,POINT(-89.672323 39.83854),POINT(-89.643572 39.816295),2026-04-15 01:31:59
SID-00-000-000-000-000-130,POINT(-111.043254 32.211345),POINT(-111.015549 32.236779),2026-05-25 21:36:39
SID-00-000-000-000-000-131,POINT(-110.914673 32.163262),POINT(-110.929466 32.185382),2026-08-17 05:15:43
SID-00-000-000-000-000-132,POINT(-118.262203 34.008709),POINT(-118.257476 34.020718),2025-12-25 21:50:17
SID-00-000-000-000-000-133,POINT(-104.987027 39.777327),POINT(-104.993532 39.75582),2026-04-25 08:10:34
SID-00-000-000-000-000-134,POINT(-118.25932 34.019729),POINT(-118.275093 34.019886),2026-07-28 19:34:49
SID-00-000-000-000-000-135,POINT(-75.464404 40.625495),POINT(-75.46731 40.615785),2026-05-07 05:58:46
SID-00-000-000-000-000-136,POINT(-81.073836 32.042958),POINT(-81.095083 32.039727),2026-03-20 13:00:56
SID-00-000-000-000-000-137,POINT(-78.868363 35.929302),POINT(-78.86835 35.940816),2026-07-26 14:42:28
SID-00-000-000-000-000-138,POINT(-81.095502 32.083638),POINT(-81.116738 32.107738),2026-08-30 19:04:41
SID-00-000-000-000-000-139,POINT(-80.903036 35.204467),POINT(-80.869539 35.18377),2025-12-31 07:10:27
SID-00-000-000-000-000-140,POINT(-78.657094 35.788926),POINT(-78.674559 35.818633),2026-08-17 07:32:21
SID-00-000-000-000-000-141,POINT(-77.18302 39.045207),POINT(-77.18598 39.074791),2026-08-09 15:51:52
SID-00-000-000-000-000-142,POINT(-82.505681 28.023138),POINT(-82.483974 27.997339),2025-12-03 02:43:34
SID-00-000-000-000-000-143,POINT(-96.808775 32.760066),POINT(-96.801639 32.779459),2026-08-04 18:45:45
SID-00-000-000-000-000-144,POINT(-75.474644 40.570543),POINT(-75.487455 40.590657),2026-08-27 00:53:51
SID-00-000-000-000-000-145,POINT(-73.778162 42.621046),POINT(-73.759575 42.648389),2026-03-29 19:04:52
SID-00-000-000-000-000-146,POINT(-71.03747 42.36629),POINT(-71.064019 42.370012),2026-06-24 06:40:45
SID-00-000-000-000-000-147,POINT(-81.144595 32.142684),POINT(-81.120723 32.128198),2026-08-28 19:21:16
SID-00-000-000-000-000-148,POINT(-97.713217 30.23567),POINT(-97.706416 30.257171),2026-03-14 16:05:05
SID-00-000-000-000-000-149,POINT(-104.802284 39.779306),POINT(-104.812615 39.781003),2026-06-08 15:22:31
SID-00-000-000-000-000-150,POINT(-77.079106 38.915474),POINT(-77.111612 38.885931),2026-05-17 18:13:58
SID-00-000-000-000-000-151,POINT(-81.081214 32.081718),POINT(-81.051912 32.104082),2026-02-05 12:46:08
SID-00-000-000-000-000-152,POINT(-96.852694 32.786589),POINT(-96.826589 32.781775),2025-05-24 13:20:55
SID-00-000-000-000-000-153,POINT(-80.823876 35.186184),POINT(-80.803728 35.194482),2026-05-10 10:40:45
SID-00-000-000-000-000-154,POINT(-96.823016 32.766565),POINT(-96.79166 32.751644),2026-06-24 11:02:10
SID-00-000-000-000-000-155,POINT(-111.819045 33.376532),POINT(-111.79656 33.368603),2026-07-23 16:09:30
SID-00-000-000-000-000-156,POINT(-88.149617 41.752603),POINT(-88.13365 41.76411),2025-11-06 09:29:53
SID-00-000-000-000-000-157,POINT(-104.993165 39.717806),POINT(-105.008492 39.697168),2026-03-12 22:26:50
SID-00-000-000-000-000-158,POINT(-95.417859 29.762432),POINT(-95.416662 29.769985),2026-07-16 16:15:13
SID-00-000-000-000-000-159,POINT(-78.628565 35.800605),POINT(-78.647495 35.820508),2025-06-21 00:39:16
SID-00-000-000-000-000-160,POINT(-89.681993 39.782225),POINT(-89.689405 39.773991),2026-03-21 08:58:40
SID-00-000-000-000-000-161,POINT(-78.62507 35.805882),POINT(-78.596211 35.785576),2026-07-07 07:57:21
SID-00-000-000-000-000-162,POINT(-105.282845 40.069602),POINT(-105.288085 40.043453),2026-07-21 13:22:28
SID-00-000-000-000-000-163,POINT(-81.093118 32.107766),POINT(-81.122082 32.110906),2026-05-10 16:33:12
SID-00-000-000-000-000-164,POINT(-81.096784 32.088419),POINT(-81.127386 32.104838),2026-02-27 00:18:02
SID-00-000-000-000-000-165,POINT(-81.022972 32.057481),POINT(-81.04853 32.042625),2026-07-29 10:05:09
SID-00-000-000-000-000-166,POINT(-81.999486 33.4807),POINT(-81.982586 33.480582),2025-12-16 05:16:11
SID-00-000-000-000-000-167,POINT(-71.079423 42.408068),POINT(-71.103528 42.409184),2026-04-17 19:49:52
SID-00-000-000-000-000-168,POINT(-96.773433 32.797929),POINT(-96.776627 32.789522),2026-04-22 11:41:56
SID-00-000-000-000-000-169,POINT(-117.379795 47.638018),POINT(-117.41217 47.626421),2026-03-24 11:56:02
SID-00-000-000-000-000-170,POINT(-81.073798 32.124731),POINT(-81.095845 32.136857),2025-10-23 07:12:28
SID-00-000-000-000-000-171,POINT(-74.049239 40.662502),POINT(-74.034675 40.687957),2025-12-11 00:18:14
SID-00-000-000-000-000-172,POINT(-82.056718 33.475609),POINT(-82.045686 33.449654),2026-06-13 10:19:30
SID-00-000-000-000-000-173,POINT(-77.147377 38.910268),POINT(-77.137415 38.921113),2026-02-16 06:56:16
SID-00-000-000-000-000-174,POINT(-76.557183 38.978729),POINT(-76.527383 38.994813),2026-06-14 01:04:29
SID-00-000-000-000-000-175,POINT(-81.426411 28.570683),POINT(-81.428726 28.568249),2026-08-24 00:26:33
SID-00-000-000-000-000-176,POINT(-75.194297 39.975563),POINT(-75.19227 39.974959),2026-01-02 07:05:00
SID-00-000-000-000-000-177,POINT(-76.548578 39.310814),POINT(-76.569617 39.285406),2026-01-01 02:30:51
SID-00-000-000-000-000-178,POINT(-84.438252 39.042496),POINT(-84.472393 39.071398),2026-06-14 17:36:03
SID-00-000-000-000-000-179,POINT(-71.046711 42.354829),POINT(-71.035137 42.336961),2026-08-10 22:43:00
SID-00-000-000-000-000-180,POINT(-96.750334 32.785087),POINT(-96.762405 32.821855),2026-02-10 15:31:34
SID-00-000-000-000-000-181,POINT(-122.358913 47.535797),POINT(-122.347859 47.563972),2026-08-15 10:44:16
SID-00-000-000-000-000-182,POINT(-76.277116 36.833712),POINT(-76.297762 36.818534),2026-05-20 19:14:11
SID-00-000-000-000-000-183,POINT(-83.025633 39.931353),POINT(-83.043815 39.927298),2025-06-19 08:54:25
SID-00-000-000-000-000-184,POINT(-81.089954 32.106662),POINT(-81.10726 32.077066),2026-05-26 21:04:25
SID-00-000-000-000-000-185,POINT(-111.821037 33.398693),POINT(-111.814185 33.409356),2026-08-27 18:28:59
SID-00-000-000-000-000-186,POINT(-81.141369 32.06268),POINT(-81.13553 32.080893),2026-08-09 22:28:07
SID-00-000-000-000-000-187,POINT(-77.137499 38.889746),POINT(-77.14048 38.869048),2025-08-17 20:29:29
SID-00-000-000-000-000-188,POINT(-117.380006 47.676977),POINT(-117.388168 47.651572),2026-03-15 11:58:30
SID-00-000-000-000-000-189,POINT(-81.080711 32.098881),POINT(-81.076719 32.078875),2026-07-30 22:45:56
SID-00-000-000-000-000-190,POINT(-112.082116 33.421066),POINT(-112.087705 33.420182),2026-06-30 01:36:24
SID-00-000-000-000-000-191,POINT(-121.891803 37.339645),POINT(-121.893006 37.346617),2026-07-03 11:36:35
SID-00-000-000-000-000-192,POINT(-84.351673 33.758466),POINT(-84.366803 33.772086),2026-01-23 18:17:37
SID-00-000-000-000-000-193,POINT(-76.607276 39.339076),POINT(-76.614185 39.347),2025-12-18 13:48:56
SID-00-000-000-000-000-194,POINT(-77.099585 38.901664),POINT(-77.065334 38.931476),2026-02-27 05:30:30
SID-00-000-000-000-000-195,POINT(-74.000241 40.70338),POINT(-73.988567 40.693795),2026-04-12 05:36:34
SID-00-000-000-000-000-196,POINT(-80.863893 35.188398),POINT(-80.883112 35.203939),2026-07-15 06:55:54
SID-00-000-000-000-000-197,POINT(-75.433499 40.60666),POINT(-75.462667 40.62694),2026-04-05 19:12:10
SID-00-000-000-000-000-198,POINT(-74.073555 40.774476),POINT(-74.037831 40.767924),2026-08-25 18:46:47
SID-00-000-000-000-000-199,POINT(-71.805085 42.229623),POINT(-71.793712 42.250919),2026-01-03 04:11:23
SID-00-000-000-000-000-200,POINT(-71.81001 42.288056),POINT(-71.821032 42.3085),2026-06-21 02:57:53
SID-00-000-000-000-000-201,POINT(-80.852583 35.194403),POINT(-80.865648 35.201871),2026-05-19 08:40:50
SID-00-000-000-000-000-202,POINT(-87.649521 41.927893),POINT(-87.646006 41.908293),2026-03-26 10:37:07
SID-00-000-000-000-000-203,POINT(-71.019995 42.343821),POINT(-71.023477 42.350338),2025-10-07 10:46:02
SID-00-000-000-000-000-204,POINT(-79.983148 40.392161),POINT(-79.987923 40.388284),2026-04-03 05:35:56
SID-00-000-000-000-000-205,POINT(-71.105067 42.331948),POINT(-71.100886 42.317598),2026-06-18 05:18:55
SID-00-000-000-000-000-206,POINT(-118.275867 34.102185),POINT(-118.246061 34.094123),2025-10-24 23:22:59
SID-00-000-000-000-000-207,POINT(-81.415799 28.533385),POINT(-81.414536 28.536644),2026-04-21 16:57:01
SID-00-000-000-000-000-208,POINT(-76.526344 39.013768),POINT(-76.517745 39.02859),2026-07-30 15:25:34
SID-00-000-000-000-000-209,POINT(-95.409354 29.710453),POINT(-95.401355 29.70324),2026-04-08 17:09:13
SID-00-000-000-000-000-210,POINT(-82.397859 27.89488),POINT(-82.412259 27.917375),2026-07-26 02:20:53
SID-00-000-000-000-000-211,POINT(-73.997897 40.696176),POINT(-73.975319 40.6875),2026-04-22 02:48:06
SID-00-000-000-000-000-212,POINT(-122.463649 47.279368),POINT(-122.453397 47.305241),2026-08-02 20:21:38
SID-00-000-000-000-000-213,POINT(-80.834401 35.216212),POINT(-80.823562 35.2065),2026-03-15 22:56:16
SID-00-000-000-000-000-214,POINT(-117.472165 47.596771),POINT(-117.457478 47.616845),2025-12-28 10:57:28
SID-00-000-000-000-000-215,POINT(-122.412269 47.194595),POINT(-122.426424 47.209986),2026-01-08 06:57:56
SID-00-000-000-000-000-216,POINT(-84.517704 39.068545),POINT(-84.519734 39.068702),2025-12-15 20:50:00
SID-00-000-000-000-000-217,POINT(-78.623407 35.770665),POINT(-78.609883 35.761325),2025-10-11 09:13:57
SID-00-000-000-000-000-218,POINT(-95.37394 29.730552),POINT(-95.381316 29.720899),2026-06-14 15:34:43
SID-00-000-000-000-000-219,POINT(-84.53297 39.095939),POINT(-84.522376 39.073702),2026-06-18 01:40:12
SID-00-000-000-000-000-220,POINT(-78.569859 35.77488),POINT(-78.603171 35.756884),2026-03-01 13:01:29
SID-00-000-000-000-000-221,POINT(-71.838602 42.283575),POINT(-71.841151 42.299734),2026-01-21 19:14:50
SID-00-000-000-000-000-222,POINT(-105.317178 40.050972),POINT(-105.319511 40.042209),2026-06-24 02:57:48
SID-00-000-000-000-000-223,POINT(-121.907186 37.358077),POINT(-121.90713 37.362177),2026-05-27 00:26:32
SID-00-000-000-000-000-224,POINT(-77.427247 37.503001),POINT(-77.427521 37.511368),2026-06-01 07:41:57
SID-00-000-000-000-000-225,POINT(-87.563611 41.871235),POINT(-87.59641 41.860976),2026-03-26 23:43:28
SID-00-000-000-000-000-226,POINT(-117.411677 47.595836),POINT(-117.398564 47.616788),2026-01-28 06:59:27
SID-00-000-000-000-000-227,POINT(-75.161261 39.990198),POINT(-75.135561 39.99568),2026-04-27 07:40:16
SID-00-000-000-000-000-228,POINT(-75.1378 39.895631),POINT(-75.150226 39.92136),2026-08-22 10:14:14
SID-00-000-000-000-000-229,POINT(-104.983403 39.703739),POINT(-104.968194 39.709016),2025-03-19 22:26:36
SID-00-000-000-000-000-230,POINT(-87.603909 41.879363),POINT(-87.601242 41.84455),2026-08-14 04:24:10
SID-00-000-000-000-000-231,POINT(-110.958788 32.237242),POINT(-110.951961 32.234031),2026-08-14 20:32:48
SID-00-000-000-000-000-232,POINT(-80.843521 35.215898),POINT(-80.817347 35.188209),2026-02-08 18:51:14
SID-00-000-000-000-000-233,POINT(-75.461187 40.605192),POINT(-75.482129 40.629883),2025-09-23 09:31:44
SID-00-000-000-000-000-234,POINT(-82.974406 40.008395),POINT(-82.948344 39.989304),2026-05-31 11:22:39
SID-00-000-000-000-000-235,POINT(-105.310295 40.037431),POINT(-105.307945 40.007429),2026-01-03 07:50:45
SID-00-000-000-000-000-236,POINT(-84.504008 39.149046),POINT(-84.505739 39.13429),2026-03-13 16:12:59
SID-00-000-000-000-000-237,POINT(-80.206153 25.758444),POINT(-80.180267 25.783111),2026-05-01 09:29:11
SID-00-000-000-000-000-238,POINT(-71.050827 42.323567),POINT(-71.026563 42.33643),2026-06-29 03:19:36
SID-00-000-000-000-000-239,POINT(-71.03644 42.337981),POINT(-71.065113 42.357428),2026-08-19 15:04:28
SID-00-000-000-000-000-240,POINT(-111.795755 33.486686),POINT(-111.819159 33.467128),2026-08-13 19:00:36
SID-00-000-000-000-000-241,POINT(-96.845784 32.753851),POINT(-96.828904 32.752268),2026-07-12 00:13:13
SID-00-000-000-000-000-242,POINT(-121.441452 38.61854),POINT(-121.464976 38.607514),2026-04-12 07:56:42
SID-00-000-000-000-000-243,POINT(-82.972688 39.980918),POINT(-82.971667 40.006869),2025-07-27 04:49:35
SID-00-000-000-000-000-244,POINT(-89.688975 39.734706),POINT(-89.668661 39.754287),2026-04-13 20:19:49
SID-00-000-000-000-000-245,POINT(-121.506303 38.618986),POINT(-121.49214 38.601309),2025-05-29 19:05:39
SID-00-000-000-000-000-246,POINT(-95.383781 29.735787),POINT(-95.385534 29.727443),2025-05-24 02:22:22
SID-00-000-000-000-000-247,POINT(-104.988467 39.714642),POINT(-104.986794 39.69356),2025-10-26 18:12:29
SID-00-000-000-000-000-248,POINT(-112.06999 33.5261),POINT(-112.079772 33.506396),2025-07-25 21:56:41
SID-00-000-000-000-000-249,POINT(-117.409576 47.645551),POINT(-117.395947 47.619154),2026-08-29 15:56:42
SID-00-000-000-000-000-250,POINT(-84.502155 39.040571),POINT(-84.535531 39.072839),2026-05-30 03:57:34
SID-00-000-000-000-000-251,POINT(-97.749449 30.260103),POINT(-97.751885 30.273804),2025-12-05 16:16:24
SID-00-000-000-000-000-252,POINT(-71.086462 42.350089),POINT(-71.072666 42.320934),2026-06-05 21:00:05
SID-00-000-000-000-000-253,POINT(-71.119373 42.334352),POINT(-71.102755 42.358159),2026-08-05 17:21:39
SID-00-000-000-000-000-254,POINT(-82.48029 27.924949),POINT(-82.459531 27.938618),2026-08-22 17:36:05
SID-00-000-000-000-000-255,POINT(-77.468146 37.608208),POINT(-77.447327 37.595339),2025-12-12 20:11:39
SID-00-000-000-000-000-256,POINT(-80.813316 35.209343),POINT(-80.83676 35.210963),2026-01-17 21:04:06
SID-00-000-000-000-000-257,POINT(-77.451988 37.513293),POINT(-77.447972 37.504332),2026-03-09 01:49:16
SID-00-000-000-000-000-258,POINT(-104.960098 39.715483),POINT(-104.936865 39.706369),2026-05-08 14:51:18
SID-00-000-000-000-000-259,POINT(-71.849371 42.229096),POINT(-71.848283 42.241959),2026-07-08 20:44:52
SID-00-000-000-000-000-260,POINT(-122.398684 47.608932),POINT(-122.371977 47.573004),2026-04-19 06:05:15
SID-00-000-000-000-000-261,POINT(-77.046046 38.848419),POINT(-77.056466 38.876763),2025-10-25 17:52:06
SID-00-000-000-000-000-262,POINT(-82.435912 27.946093),POINT(-82.433037 27.92732),2026-08-08 01:26:45
SID-00-000-000-000-000-263,POINT(-80.167011 25.80575),POINT(-80.156717 25.79335),2026-08-30 06:09:56
SID-00-000-000-000-000-264,POINT(-78.875772 36.044197),POINT(-78.880614 36.031806),2026-04-13 17:11:11
SID-00-000-000-000-000-265,POINT(-97.790391 30.306923),POINT(-97.797354 30.308405),2026-07-18 08:08:50
SID-00-000-000-000-000-266,POINT(-73.765298 42.728137),POINT(-73.7711 42.699581),2025-12-09 18:41:46
SID-00-000-000-000-000-267,POINT(-105.001743 39.771664),POINT(-104.998092 39.745825),2026-08-23 06:05:01
SID-00-000-000-000-000-268,POINT(-78.597777 35.800129),POINT(-78.591063 35.807747),2026-04-27 09:03:21
SID-00-000-000-000-000-269,POINT(-96.84644 32.736448),POINT(-96.835191 32.733262),2026-06-16 10:20:14
SID-00-000-000-000-000-270,POINT(-89.669359 39.787199),POINT(-89.682735 39.810862),2026-08-27 18:52:17
SID-00-000-000-000-000-271,POINT(-117.381865 47.685687),POINT(-117.408453 47.664653),2026-05-07 21:47:07
SID-00-000-000-000-000-272,POINT(-121.955859 37.329596),POINT(-121.933977 37.298026),2026-08-30 14:51:21
SID-00-000-000-000-000-273,POINT(-76.676011 39.268508),POINT(-76.663263 39.252429),2026-08-10 11:21:50
SID-00-000-000-000-000-274,POINT(-77.451769 37.598208),POINT(-77.437259 37.592255),2026-08-21 02:33:51
SID-00-000-000-000-000-275,POINT(-76.608545 39.279685),POINT(-76.613829 39.26767),2026-03-21 19:22:30
SID-00-000-000-000-000-276,POINT(-76.51464 38.948373),POINT(-76.538581 38.981016),2026-06-27 12:49:39
SID-00-000-000-000-000-277,POINT(-88.190224 41.788885),POINT(-88.178532 41.783075),2026-07-11 22:02:07
SID-00-000-000-000-000-278,POINT(-77.035718 38.822716),POINT(-77.038226 38.836568),2026-04-19 21:56:44
SID-00-000-000-000-000-279,POINT(-78.831861 36.034293),POINT(-78.851455 36.015876),2025-12-19 07:15:41
SID-00-000-000-000-000-280,POINT(-73.707792 42.609221),POINT(-73.722906 42.638521),2026-03-19 22:20:02
SID-00-000-000-000-000-281,POINT(-111.007105 32.238322),POINT(-111.008607 32.220128),2026-03-20 15:17:17
SID-00-000-000-000-000-282,POINT(-77.126157 38.911869),POINT(-77.123198 38.92656),2025-06-20 09:13:20
SID-00-000-000-000-000-283,POINT(-84.465709 39.162674),POINT(-84.483111 39.137007),2026-05-29 06:18:29
SID-00-000-000-000-000-284,POINT(-122.320379 47.647664),POINT(-122.300265 47.658761),2026-02-09 17:24:22
SID-00-000-000-000-000-285,POINT(-81.387969 28.535889),POINT(-81.409716 28.568027),2026-06-30 18:43:23
SID-00-000-000-000-000-286,POINT(-76.505061 38.946347),POINT(-76.489878 38.948827),2026-04-03 18:56:02
SID-00-000-000-000-000-287,POINT(-75.121289 39.965685),POINT(-75.154238 39.988847),2026-08-12 07:55:59
SID-00-000-000-000-000-288,POINT(-80.87329 35.231197),POINT(-80.894034 35.250483),2026-02-19 21:30:41
SID-00-000-000-000-000-289,POINT(-118.228284 34.075601),POINT(-118.227849 34.07626),2026-08-28 02:26:08
SID-00-000-000-000-000-290,POINT(-117.493438 47.678755),POINT(-117.465851 47.69615),2025-08-17 23:13:25
SID-00-000-000-000-000-291,POINT(-104.976262 39.737471),POINT(-104.978093 39.727867),2026-08-26 08:43:02
SID-00-000-000-000-000-292,POINT(-104.78159 39.737569),POINT(-104.818713 39.756815),2025-08-27 13:12:30
SID-00-000-000-000-000-293,POINT(-97.74416 30.223719),POINT(-97.749892 30.24522),2026-08-26 09:49:43
SID-00-000-000-000-000-294,POINT(-80.008321 40.4867),POINT(-79.9899 40.493533),2026-02-28 06:50:16
SID-00-000-000-000-000-295,POINT(-95.393947 29.789534),POINT(-95.379223 29.79568),2026-03-16 07:03:34
SID-00-000-000-000-000-296,POINT(-96.864995 32.786153),POINT(-96.835127 32.802267),2026-02-10 07:10:07
SID-00-000-000-000-000-297,POINT(-81.990786 33.480374),POINT(-82.006893 33.517651),2026-05-11 02:56:10
SID-00-000-000-000-000-298,POINT(-97.706139 30.292748),POINT(-97.704495 30.31892),2026-05-26 03:55:31
SID-00-000-000-000-000-299,POINT(-122.495493 47.31322),POINT(-122.483614 47.289906),2026-06-26 14:08:52
SID-00-000-000-000-000-300,POINT(-118.227427 34.018059),POINT(-118.229644 34.020888),2026-03-30 04:28:14
SID-00-000-000-000-000-301,POINT(-77.166323 39.079171),POINT(-77.12817 39.070138),2026-05-30 05:57:56
SID-00-000-000-000-000-302,POINT(-77.097175 38.934706),POINT(-77.098459 38.928026),2026-01-01 22:38:51
SID-00-000-000-000-000-303,POINT(-78.627495 35.820641),POINT(-78.604374 35.81602),2026-07-28 11:41:02
SID-00-000-000-000-000-304,POINT(-84.508328 39.060596),POINT(-84.508998 39.070811),2026-08-11 22:00:56
SID-00-000-000-000-000-305,POINT(-118.271656 34.060789),POINT(-118.248675 34.081261),2026-08-30 08:29:12
SID-00-000-000-000-000-306,POINT(-112.065355 33.440441),POINT(-112.07083 33.430746),2025-10-20 05:46:12
SID-00-000-000-000-000-307,POINT(-78.873406 42.87336),POINT(-78.877854 42.877836),2026-08-05 17:32:40
SID-00-000-000-000-000-308,POINT(-77.028315 38.86035),POINT(-77.056282 38.846309),2026-08-30 10:38:32
SID-00-000-000-000-000-309,POINT(-111.775153 33.348788),POINT(-111.79553 33.369343),2026-06-05 04:39:45
SID-00-000-000-000-000-310,POINT(-104.813779 39.715427),POINT(-104.829652 39.735783),2026-02-24 05:13:07
SID-00-000-000-000-000-311,POINT(-82.963399 39.895158),POINT(-82.943531 39.919988),2026-04-21 15:36:27
SID-00-000-000-000-000-312,POINT(-117.364487 47.682788),POINT(-117.386439 47.681889),2026-08-08 22:54:27
SID-00-000-000-000-000-313,POINT(-79.947865 40.480992),POINT(-79.969936 40.450485),2026-06-06 14:55:19
SID-00-000-000-000-000-314,POINT(-84.466239 39.165622),POINT(-84.482859 39.155455),2026-02-19 18:20:15
SID-00-000-000-000-000-315,POINT(-112.040133 33.510439),POINT(-112.030649 33.485542),2025-11-18 22:54:05
SID-00-000-000-000-000-316,POINT(-78.865909 42.833994),POINT(-78.848943 42.853204),2026-07-11 13:53:06
SID-00-000-000-000-000-317,POINT(-76.249406 36.836123),POINT(-76.236578 36.867901),2025-10-26 17:14:25
SID-00-000-000-000-000-318,POINT(-112.130257 33.382238),POINT(-112.102432 33.421218),2026-06-10 20:04:14
SID-00-000-000-000-000-319,POINT(-75.193122 39.929363),POINT(-75.211636 39.927738),2026-02-05 04:09:09
SID-00-000-000-000-000-320,POINT(-96.81034 32.753399),POINT(-96.802027 32.770466),2026-06-27 06:52:03
SID-00-000-000-000-000-321,POINT(-71.104216 42.361627),POINT(-71.095706 42.349705),2026-06-14 06:27:30
SID-00-000-000-000-000-322,POINT(-82.511746 27.965555),POINT(-82.491382 27.959464),2026-07-07 07:17:15
SID-00-000-000-000-000-323,POINT(-77.194749 39.041986),POINT(-77.177402 39.076908),2026-05-24 10:16:03
SID-00-000-000-000-000-324,POINT(-118.202096 34.103122),POINT(-118.222018 34.083118),2026-04-23 04:00:42
SID-00-000-000-000-000-325,POINT(-76.263479 36.799869),POINT(-76.297155 36.815001),2025-05-22 16:19:29
SID-00-000-000-000-000-326,POINT(-82.472532 27.930371),POINT(-82.458506 27.920321),2026-06-12 10:42:08
SID-00-000-000-000-000-327,POINT(-71.067259 42.3818),POINT(-71.056949 42.363882),2026-08-29 17:42:15
SID-00-000-000-000-000-328,POINT(-76.290388 36.869336),POINT(-76.319149 36.854983),2026-03-12 04:00:49
SID-00-000-000-000-000-329,POINT(-97.774921 30.285398),POINT(-97.784636 30.304974),2026-08-02 22:14:46
SID-00-000-000-000-000-330,POINT(-77.411604 37.573689),POINT(-77.400765 37.577172),2026-05-12 03:15:44
SID-00-000-000-000-000-331,POINT(-112.13111 33.467617),POINT(-112.102927 33.473197),2026-02-08 07:16:23
SID-00-000-000-000-000-332,POINT(-118.227057 34.060529),POINT(-118.246438 34.04727),2026-07-30 04:05:34
SID-00-000-000-000-000-333,POINT(-112.036364 33.4134),POINT(-112.029784 33.404852),2026-07-17 06:23:37
SID-00-000-000-000-000-334,POINT(-111.793869 33.436283),POINT(-111.815876 33.449017),2025-04-19 13:50:02
SID-00-000-000-000-000-335,POINT(-78.861013 35.951541),POINT(-78.87102 35.972669),2026-06-25 21:27:23
SID-00-000-000-000-000-336,POINT(-82.478914 27.984032),POINT(-82.449353 27.970796),2026-06-05 23:43:29
SID-00-000-000-000-000-337,POINT(-111.044065 32.24032),POINT(-111.00773 32.251463),2026-08-06 01:11:10
SID-00-000-000-000-000-338,POINT(-81.971172 33.489548),POINT(-81.976922 33.464366),2026-01-11 00:30:09
SID-00-000-000-000-000-339,POINT(-122.319415 47.648066),POINT(-122.3152 47.649167),2026-04-22 20:23:02
SID-00-000-000-000-000-340,POINT(-76.465232 38.977155),POINT(-76.473684 38.993724),2026-01-25 03:34:06
SID-00-000-000-000-000-341,POINT(-104.850134 39.724748),POINT(-104.829349 39.721284),2026-08-07 00:48:13
SID-00-000-000-000-000-342,POINT(-105.046561 39.670776),POINT(-105.033652 39.69268),2026-05-21 00:33:47
SID-00-000-000-000-000-343,POINT(-78.910572 42.948096),POINT(-78.907605 42.913354),2026-06-16 21:31:52
SID-00-000-000-000-000-344,POINT(-87.675892 41.862002),POINT(-87.669056 41.886043),2026-08-10 12:14:46
SID-00-000-000-000-000-345,POINT(-82.429416 27.938169),POINT(-82.422963 27.96471),2026-08-24 07:15:35
SID-00-000-000-000-000-346,POINT(-78.671018 35.781265),POINT(-78.668125 35.803778),2026-07-27 03:45:11
SID-00-000-000-000-000-347,POINT(-84.507242 39.055994),POINT(-84.526869 39.087827),2026-07-29 13:52:22
SID-00-000-000-000-000-348,POINT(-84.475809 39.124812),POINT(-84.485187 39.151642),2026-08-11 15:25:03
SID-00-000-000-000-000-349,POINT(-77.093179 38.852079),POINT(-77.080362 38.854085),2026-08-10 03:12:51
SID-00-000-000-000-000-350,POINT(-73.720292 42.57818),POINT(-73.728511 42.604776),2026-08-10 12:27:58
SID-00-000-000-000-000-351,POINT(-104.871642 39.705185),POINT(-104.842492 39.677322),2026-01-07 23:48:18
SID-00-000-000-000-000-352,POINT(-81.657868 41.534964),POINT(-81.65598 41.532421),2026-07-02 07:26:13
SID-00-000-000-000-000-353,POINT(-96.726475 32.760895),POINT(-96.759829 32.729114),2026-08-09 04:42:24
SID-00-000-000-000-000-354,POINT(-97.755892 30.280223),POINT(-97.7687 30.278782),2026-04-05 17:44:22
SID-00-000-000-000-000-355,POINT(-88.195577 41.762186),POINT(-88.186276 41.764032),2026-07-14 06:50:53
SID-00-000-000-000-000-356,POINT(-82.519505 27.926508),POINT(-82.50711 27.957556),2025-12-05 23:17:26
SID-00-000-000-000-000-357,POINT(-82.002062 33.407342),POINT(-81.991563 33.433528),2026-02-01 01:28:21
SID-00-000-000-000-000-358,POINT(-76.622536 39.281979),POINT(-76.609736 39.28357),2026-04-18 00:35:59
SID-00-000-000-000-000-359,POINT(-78.91196 35.938246),POINT(-78.89921 35.971324),2026-02-09 21:43:56
SID-00-000-000-000-000-360,POINT(-112.033351 33.401184),POINT(-112.04826 33.427762),2026-08-12 22:06:20
SID-00-000-000-000-000-361,POINT(-77.475872 37.479583),POINT(-77.464265 37.507932),2026-08-16 21:36:13
SID-00-000-000-000-000-362,POINT(-80.014664 40.413112),POINT(-80.045817 40.436002),2026-07-20 01:37:21
SID-00-000-000-000-000-363,POINT(-76.477303 38.923864),POINT(-76.454231 38.936593),2026-03-17 11:14:42
SID-00-000-000-000-000-364,POINT(-87.657751 41.855405),POINT(-87.665195 41.873647),2026-03-21 14:21:07
SID-00-000-000-000-000-365,POINT(-82.038437 33.416417),POINT(-82.050762 33.445822),2026-05-13 23:32:05
SID-00-000-000-000-000-366,POINT(-78.850536 42.955089),POINT(-78.845711 42.91716),2025-07-12 04:56:54
SID-00-000-000-000-000-367,POINT(-75.43253 40.645214),POINT(-75.462591 40.64928),2026-06-25 15:27:32
SID-00-000-000-000-000-368,POINT(-104.836788 39.729857),POINT(-104.849023 39.734546),2025-11-15 14:54:11
SID-00-000-000-000-000-369,POINT(-89.689287 39.817128),POINT(-89.667383 39.794365),2026-08-23 17:41:54
SID-00-000-000-000-000-370,POINT(-122.2828 47.649244),POINT(-122.313977 47.632557),2026-08-24 23:54:52
SID-00-000-000-000-000-371,POINT(-89.645864 39.803336),POINT(-89.643763 39.81021),2025-10-13 18:02:05
SID-00-000-000-000-000-372,POINT(-78.963372 36.011963),POINT(-78.940683 36.022824),2025-12-19 18:54:47
SID-00-000-000-000-000-373,POINT(-81.974628 33.495816),POINT(-81.987633 33.472061),2026-03-04 21:24:28
SID-00-000-000-000-000-374,POINT(-81.350525 28.545039),POINT(-81.36795 28.542667),2026-05-28 11:47:20
SID-00-000-000-000-000-375,POINT(-104.858811 39.72587),POINT(-104.84894 39.726529),2026-05-18 05:12:10
SID-00-000-000-000-000-376,POINT(-81.065684 32.095138),POINT(-81.045041 32.070121),2026-06-14 18:45:24
SID-00-000-000-000-000-377,POINT(-82.459668 27.932843),POINT(-82.439483 27.94561),2025-05-11 11:20:16
SID-00-000-000-000-000-378,POINT(-89.723822 39.804819),POINT(-89.707906 39.823111),2026-07-09 19:14:15
SID-00-000-000-000-000-379,POINT(-95.338533 29.773852),POINT(-95.333236 29.76175),2026-08-22 09:22:01
SID-00-000-000-000-000-380,POINT(-73.696918 42.629347),POINT(-73.713896 42.608939),2025-05-04 09:38:01
SID-00-000-000-000-000-381,POINT(-76.502281 38.972964),POINT(-76.525266 38.94268),2025-08-25 16:33:44
SID-00-000-000-000-000-382,POINT(-88.102015 41.824731),POINT(-88.114444 41.798187),2026-04-08 13:46:34
SID-00-000-000-000-000-383,POINT(-77.181577 39.078307),POINT(-77.190923 39.097705),2026-05-14 20:43:32
SID-00-000-000-000-000-384,POINT(-95.379707 29.79748),POINT(-95.368972 29.804243),2026-05-16 04:21:48
SID-00-000-000-000-000-385,POINT(-122.348007 47.603963),POINT(-122.341863 47.61946),2026-01-30 05:54:56
SID-00-000-000-000-000-386,POINT(-87.694624 41.911506),POINT(-87.673836 41.917563),2026-08-20 13:38:28
SID-00-000-000-000-000-387,POINT(-84.440386 33.752488),POINT(-84.416676 33.731498),2025-12-28 13:22:32
SID-00-000-000-000-000-388,POINT(-81.637349 41.480622),POINT(-81.649925 41.51015),2026-04-07 13:54:01
SID-00-000-000-000-000-389,POINT(-78.602203 35.813352),POINT(-78.614685 35.781714),2025-11-19 23:53:59
SID-00-000-000-000-000-390,POINT(-121.884242 37.359935),POINT(-121.849842 37.347742),2026-03-05 18:56:20
SID-00-000-000-000-000-391,POINT(-76.565483 38.963172),POINT(-76.539221 38.974249),2025-11-13 20:19:41
SID-00-000-000-000-000-392,POINT(-104.822686 39.680994),POINT(-104.814362 39.683187),2026-07-02 02:21:55
SID-00-000-000-000-000-393,POINT(-83.013581 39.956033),POINT(-83.019752 39.978888),2026-06-23 23:43:53
SID-00-000-000-000-000-394,POINT(-82.513204 27.918873),POINT(-82.51066 27.92602),2026-08-05 21:47:59
SID-00-000-000-000-000-395,POINT(-83.031882 39.975369),POINT(-83.01476 39.955243),2025-12-11 06:17:06
SID-00-000-000-000-000-396,POINT(-122.271604 47.614886),POINT(-122.287642 47.63962),2026-02-23 22:19:24
SID-00-000-000-000-000-397,POINT(-71.031402 42.367755),POINT(-71.005366 42.383032),2026-01-08 00:46:13
SID-00-000-000-000-000-398,POINT(-82.513266 27.969339),POINT(-82.486741 27.97214),2026-07-18 22:33:16
SID-00-000-000-000-000-399,POINT(-80.841093 35.245969),POINT(-80.809027 35.225961),2026-04-01 13:39:06
SID-00-000-000-000-000-400,POINT(-76.457995 38.968167),POINT(-76.441492 38.95631),2026-08-28 19:12:25
