user_id,terms_and_conditions,terms_accepted_at,govt_id_path1,govt_id_path2,path1_updated_at,path2_updated_at,availability_days,availability_times,created_at,last_updated_at
SID-00-000-000-000-000-118,True,2025-08-02 08:17:17,s3://mock-bucket/ids/SID-00-000-000-000-000-118_1.jpg,s3://mock-bucket/ids/SID-00-000-000-000-000-118_2.jpg,2025-08-02 08:17:17,2025-08-02 08:17:17,"[""Monday"",""Wednesday"",""Saturday""]","{""start"":""09:00"",""end"":""17:00""}",2025-08-02 08:17:17,2025-10-06 19:57:50
SID-00-000-000-000-000-104,True,2025-11-16 02:01:40,s3://mock-bucket/ids/SID-00-000-000-000-000-104_1.jpg,s3://mock-bucket/ids/SID-00-000-000-000-000-104_2.jpg,2025-11-16 02:01:40,2025-11-16 02:01:40,"[""Monday"",""Wednesday"",""Saturday""]","{""start"":""09:00"",""end"":""17:00""}",2025-11-16 02:01:40,2026-07-28 09:30:38
SID-00-000-000-000-000-128,True,2025-07-05 18:25:26,s3://mock-bucket/ids/SID-00-000-000-000-000-128_1.jpg,s3://mock-bucket/ids/SID-00-000-000-000-000-128_2.jpg,2025-07-05 18:25:26,2025-07-05 18:25:26,"[""Monday"",""Wednesday"",""Saturday""]","{""start"":""09:00"",""end"":""17:00""}",2025-07-05 18:25:26,2026-05-04 13:41:02
SID-00-000-000-000-000-317,True,2025-02-25 07:33:27,s3://mock-bucket/ids/SID-00-000-000-000-000-317_1.jpg,s3://mock-bucket/ids/SID-00-000-000-000-000-317_2.jpg,2025-02-25 07:33:27,2025-02-25 07:33:27,"[""Monday"",""Wednesday"",""Saturday""]","{""start"":""09:00"",""end"":""17:00""}",2025-02-25 07:33:27,2025-10-23 14:38:40
SID-00-000-000-000-000-183,True,2025-04-29 23:35:09,s3://mock-bucket/ids/SID-00-000-000-000-000-183_1.jpg,s3://mock-bucket/ids/SID-00-000-000-000-000-183_2.jpg,2025-04-29 23:35:09,2025-04-29 23:35:09,"[""Monday"",""Wednesday"",""Saturday""]","{""start"":""09:00"",""end"":""17:00""}",2025-04-29 23:35:09,2025-10-25 03:05:26
SID-00-000-000-000-000-080,True,2025-02-13 14:08:17,s3://mock-bucket/ids/SID-00-000-000-000-000-080_1.jpg,s3://mock-bucket/ids/SID-00-000-000-000-000-080_2.jpg,2025-02-13 14:08:17,2025-02-13 14:08:17,"[""Monday"",""Wednesday"",""Saturday""]","{""start"":""09:00"",""end"":""17:00""}",2025-02-13 14:08:17,2025-08-24 17:56:36
SID-00-000-000-000-000-055,True,2026-05-31 17:06:42,s3://mock-bucket/ids/SID-00-000-000-000-000-055_1.jpg,s3://mock-bucket/ids/SID-00-000-000-000-000-055_2.jpg,2026-05-31 17:06:42,2026-05-31 17:06:42,"[""Monday"",""Wednesday"",""Saturday""]","{""start"":""09:00"",""end"":""17:00""}",2026-05-31 17:06:42,2026-08-11 07:49:42
SID-00-000-000-000-000-062,True,2026-05-01 20:26:43,s3://mock-bucket/ids/SID-00-000-000-000-000-062_1.jpg,s3://mock-bucket/ids/SID-00-000-000-000-000-062_2.jpg,2026-05-01 20:26:43,2026-05-01 20:26:43,"[""Monday"",""Wednesday"",""Saturday""]","{""start"":""09:00"",""end"":""17:00""}",2026-05-01 20:26:43,2026-06-26 00:47:53
SID-00-000-000-000-000-041,True,2026-02-26 11:00:17,s3://mock-bucket/ids/SID-00-000-000-000-000-041_1.jpg,s3://mock-bucket/ids/SID-00-000-000-000-000-041_2.jpg,2026-02-26 11:00:17,2026-02-26 11:00:17,"[""Monday"",""Wednesday"",""Saturday""]","{""start"":""09:00"",""end"":""17:00""}",2026-02-26 11:00:17,2026-05-23 12:16:55
SID-00-000-000-000-000-347,True,2026-06-07 05:57:16,s3://mock-bucket/ids/SID-00-000-000-000-000-347_1.jpg,s3://mock-bucket/ids/SID-00-000-000-000-000-347_2.jpg,2026-06-07 05:57:16,2026-06-07 05:57:16,"[""Monday"",""Wednesday"",""Saturday""]","{""start"":""09:00"",""end"":""17:00""}",2026-06-07 05:57:16,2026-08-07 01:45:36
SID-00-000-000-000-000-340,True,2025-12-21 08:19:55,s3://mock-bucket/ids/SID-00-000-000-000-000-340_1.jpg,s3://mock-bucket/ids/SID-00-000-000-000-000-340_2.jpg,2025-12-21 08:19:55,2025-12-21 08:19:55,"[""Monday"",""Wednesday"",""Saturday""]","{""start"":""09:00"",""end"":""17:00""}",2025-12-21 08:19:55,2026-02-08 10:34:28
SID-00-000-000-000-000-253,True,2026-01-24 00:53:36,s3://mock-bucket/ids/SID-00-000-000-000-000-253_1.jpg,s3://mock-bucket/ids/SID-00-000-000-000-000-253_2.jpg,2026-01-24 00:53:36,2026-01-24 00:53:36,"[""Monday"",""Wednesday"",""Saturday""]","{""start"":""09:00"",""end"":""17:00""}",2026-01-24 00:53:36,2026-03-16 00:29:04
SID-00-000-000-000-000-315,True,2025-05-21 16:37:01,s3://mock-bucket/ids/SID-00-000-000-000-000-315_1.jpg,s3://mock-bucket/ids/SID-00-000-000-000-000-315_2.jpg,2025-05-21 16:37:01,2025-05-21 16:37:01,"[""Monday"",""Wednesday"",""Saturday""]","{""start"":""09:00"",""end"":""17:00""}",2025-05-21 16:37:01,2026-07-04 19:48:20
SID-00-000-000-000-000-004,True,2025-07-24 01:51:30,s3://mock-bucket/ids/SID-00-000-000-000-000-004_1.jpg,s3://mock-bucket/ids/SID-00-000-000-000-000-004_2.jpg,2025-07-24 01:51:30,2025-07-24 01:51:30,"[""Monday"",""Wednesday"",""Saturday""]","{""start"":""09:00"",""end"":""17:00""}",2025-07-24 01:51:30,2025-12-03 14:13:18
SID-00-000-000-000-000-278,True,2026-02-16 05:19:59,s3://mock-bucket/ids/SID-00-000-000-000-000-278_1.jpg,s3://mock-bucket/ids/SID-00-000-000-000-000-278_2.jpg,2026-02-16 05:19:59,2026-02-16 05:19:59,"[""Monday"",""Wednesday"",""Saturday""]","{""start"":""09:00"",""end"":""17:00""}",2026-02-16 05:19:59,2026-02-27 07:38:12
SID-00-000-000-000-000-022,True,2026-02-26 22:19:00,s3://mock-bucket/ids/SID-00-000-000-000-000-022_1.jpg,s3://mock-bucket/ids/SID-00-000-000-000-000-022_2.jpg,2026-02-26 22:19:00,2026-02-26 22:19:00,"[""Monday"",""Wednesday"",""Saturday""]","{""start"":""09:00"",""end"":""17:00""}",2026-02-26 22:19:00,2026-03-05 18:09:02
SID-00-000-000-000-000-247,True,2025-04-14 01:42:12,s3://mock-bucket/ids/SID-00-000-000-000-000-247_1.jpg,s3://mock-bucket/ids/SID-00-000-000-000-000-247_2.jpg,2025-04-14 01:42:12,2025-04-14 01:42:12,"[""Monday"",""Wednesday"",""Saturday""]","{""start"":""09:00"",""end"":""17:00""}",2025-04-14 01:42:12,2026-01-16 05:42:22
SID-00-000-000-000-000-191,True,2026-06-06 23:25:42,s3://mock-bucket/ids/SID-00-000-000-000-000-191_1.jpg,s3://mock-bucket/ids/SID-00-000-000-000-000-191_2.jpg,2026-06-06 23:25:42,2026-06-06 23:25:42,"[""Monday"",""Wednesday"",""Saturday""]","{""start"":""09:00"",""end"":""17:00""}",2026-06-06 23:25:42,2026-08-29 12:13:58
SID-00-000-000-000-000-318,True,2025-11-14 19:53:19,s3://mock-bucket/ids/SID-00-000-000-000-000-318_1.jpg,s3://mock-bucket/ids/SID-00-000-000-000-000-318_2.jpg,2025-11-14 19:53:19,2025-11-14 19:53:19,"[""Monday"",""Wednesday"",""Saturday""]","{""start"":""09:00"",""end"":""17:00""}",2025-11-14 19:53:19,2026-03-21 02:59:04
SID-00-000-000-000-000-162,True,2025-11-08 03:22:57,s3://mock-bucket/ids/SID-00-000-000-000-000-162_1.jpg,s3://mock-bucket/ids/SID-00-000-000-000-000-162_2.jpg,2025-11-08 03:22:57,2025-11-08 03:22:57,"[""Monday"",""Wednesday"",""Saturday""]","{""start"":""09:00"",""end"":""17:00""}",2025-11-08 03:22:57,2026-05-12 01:27:58
SID-00-000-000-000-000-389,True,2025-11-06 05:40:35,s3://mock-bucket/ids/SID-00-000-000-000-000-389_1.jpg,s3://mock-bucket/ids/SID-00-000-000-000-000-389_2.jpg,2025-11-06 05:40:35,2025-11-06 05:40:35,"[""Monday"",""Wednesday"",""Saturday""]","{""start"":""09:00"",""end"":""17:00""}",2025-11-06 05:40:35,2026-05-06 16:14:06
SID-00-000-000-000-000-295,True,2025-12-13 05:51:12,s3://mock-bucket/ids/SID-00-000-000-000-000-295_1.jpg,s3://mock-bucket/ids/SID-00-000-000-000-000-295_2.jpg,2025-12-13 05:51:12,2025-12-13 05:51:12,"[""Monday"",""Wednesday"",""Saturday""]","{""start"":""09:00"",""end"":""17:00""}",2025-12-13 05:51:12,2026-07-11 04:27:46
SID-00-000-000-000-000-141,True,2026-06-22 13:05:30,s3://mock-bucket/ids/SID-00-000-000-000-000-141_1.jpg,s3://mock-bucket/ids/SID-00-000-000-000-000-141_2.jpg,2026-06-22 13:05:30,2026-06-22 13:05:30,"[""Monday"",""Wednesday"",""Saturday""]","{""start"":""09:00"",""end"":""17:00""}",2026-06-22 13:05:30,2026-07-18 23:51:47
SID-00-000-000-000-000-252,True,2025-08-23 07:09:04,s3://mock-bucket/ids/SID-00-000-000-000-000-252_1.jpg,s3://mock-bucket/ids/SID-00-000-000-000-000-252_2.jpg,2025-08-23 07:09:04,2025-08-23 07:09:04,"[""Monday"",""Wednesday"",""Saturday""]","{""start"":""09:00"",""end"":""17:00""}",2025-08-23 07:09:04,2026-03-24 07:57:49
SID-00-000-000-000-000-094,True,2025-10-06 14:09:54,s3://mock-bucket/ids/SID-00-000-000-000-000-094_1.jpg,s3://mock-bucket/ids/SID-00-000-000-000-000-094_2.jpg,2025-10-06 14:09:54,2025-10-06 14:09:54,"[""Monday"",""Wednesday"",""Saturday""]","{""start"":""09:00"",""end"":""17:00""}",2025-10-06 14:09:54,2026-03-28 08:25:13
SID-00-000-000-000-000-262,True,2026-03-20 22:12:09,s3://mock-bucket/ids/SID-00-000-000-000-000-262_1.jpg,s3://mock-bucket/ids/SID-00-000-000-000-000-262_2.jpg,2026-03-20 22:12:09,2026-03-20 22:12:09,"[""Monday"",""Wednesday"",""Saturday""]","{""start"":""09:00"",""end"":""17:00""}",2026-03-20 22:12:09,2026-04-16 03:53:00
SID-00-000-000-000-000-144,True,2026-08-06 11:06:41,s3://mock-bucket/ids/SID-00-000-000-000-000-144_1.jpg,s3://mock-bucket/ids/SID-00-000-000-000-000-144_2.jpg,2026-08-06 11:06:41,2026-08-06 11:06:41,"[""Monday"",""Wednesday"",""Saturday""]","{""start"":""09:00"",""end"":""17:00""}",2026-08-06 11:06:41,2026-08-15 01:22:26
SID-00-000-000-000-000-204,True,2025-11-16 11:54:20,s3://mock-bucket/ids/SID-00-000-000-000-000-204_1.jpg,s3://mock-bucket/ids/SID-00-000-000-000-000-204_2.jpg,2025-11-16 11:54:20,2025-11-16 11:54:20,"[""Monday"",""Wednesday"",""Saturday""]","{""start"":""09:00"",""end"":""17:00""}",2025-11-16 11:54:20,2026-07-03 22:50:56
SID-00-000-000-000-000-114,True,2025-10-09 01:25:23,s3://mock-bucket/ids/SID-00-000-000-000-000-114_1.jpg,s3://mock-bucket/ids/SID-00-000-000-000-000-114_2.jpg,2025-10-09 01:25:23,2025-10-09 01:25:23,"[""Monday"",""Wednesday"",""Saturday""]","{""start"":""09:00"",""end"":""17:00""}",2025-10-09 01:25:23,2026-05-29 03:18:41
SID-00-000-000-000-000-296,True,2025-09-25 00:44:09,s3://mock-bucket/ids/SID-00-000-000-000-000-296_1.jpg,s3://mock-bucket/ids/SID-00-000-000-000-000-296_2.jpg,2025-09-25 00:44:09,2025-09-25 00:44:09,"[""Monday"",""Wednesday"",""Saturday""]","{""start"":""09:00"",""end"":""17:00""}",2025-09-25 00:44:09,2026-03-21 08:01:44
SID-00-000-000-000-000-066,True,2026-07-25 12:42:17,s3://mock-bucket/ids/SID-00-000-000-000-000-066_1.jpg,s3://mock-bucket/ids/SID-00-000-000-000-000-066_2.jpg,2026-07-25 12:42:17,2026-07-25 12:42:17,"[""Monday"",""Wednesday"",""Saturday""]","{""start"":""09:00"",""end"":""17:00""}",2026-07-25 12:42:17,2026-08-25 03:55:42
SID-00-000-000-000-000-028,True,2026-01-01 14:17:52,s3://mock-bucket/ids/SID-00-000-000-000-000-028_1.jpg,s3://mock-bucket/ids/SID-00-000-000-000-000-028_2.jpg,2026-01-01 14:17:52,2026-01-01 14:17:52,"[""Monday"",""Wednesday"",""Saturday""]","{""start"":""09:00"",""end"":""17:00""}",2026-01-01 14:17:52,2026-08-08 15:00:51
SID-00-000-000-000-000-270,True,2026-06-17 20:59:21,s3://mock-bucket/ids/SID-00-000-000-000-000-270_1.jpg,s3://mock-bucket/ids/SID-00-000-000-000-000-270_2.jpg,2026-06-17 20:59:21,2026-06-17 20:59:21,"[""Monday"",""Wednesday"",""Saturday""]","{""start"":""09:00"",""end"":""17:00""}",2026-06-17 20:59:21,2026-07-30 02:33:35
SID-00-000-000-000-000-217,True,2025-10-08 11:51:22,s3://mock-bucket/ids/SID-00-000-000-000-000-217_1.jpg,s3://mock-bucket/ids/SID-00-000-000-000-000-217_2.jpg,2025-10-08 11:51:22,2025-10-08 11:51:22,"[""Monday"",""Wednesday"",""Saturday""]","{""start"":""09:00"",""end"":""17:00""}",2025-10-08 11:51:22,2026-04-29 18:51:18
SID-00-000-000-000-000-245,True,2025-04-07 11:56:55,s3://mock-bucket/ids/SID-00-000-000-000-000-245_1.jpg,s3://mock-bucket/ids/SID-00-000-000-000-000-245_2.jpg,2025-04-07 11:56:55,2025-04-07 11:56:55,"[""Monday"",""Wednesday"",""Saturday""]","{""start"":""09:00"",""end"":""17:00""}",2025-04-07 11:56:55,2026-08-17 10:26:00
SID-00-000-000-000-000-277,True,2026-03-16 08:30:03,s3://mock-bucket/ids/SID-00-000-000-000-000-277_1.jpg,s3://mock-bucket/ids/SID-00-000-000-000-000-277_2.jpg,2026-03-16 08:30:03,2026-03-16 08:30:03,"[""Monday"",""Wednesday"",""Saturday""]","{""start"":""09:00"",""end"":""17:00""}",2026-03-16 08:30:03,2026-07-18 12:55:06
SID-00-000-000-000-000-017,True,2025-12-20 09:58:14,s3://mock-bucket/ids/SID-00-000-000-000-000-017_1.jpg,s3://mock-bucket/ids/SID-00-000-000-000-000-017_2.jpg,2025-12-20 09:58:14,2025-12-20 09:58:14,"[""Monday"",""Wednesday"",""Saturday""]","{""start"":""09:00"",""end"":""17:00""}",2025-12-20 09:58:14,2026-07-15 17:11:57
SID-00-000-000-000-000-258,True,2026-02-11 05:31:35,s3://mock-bucket/ids/SID-00-000-000-000-000-258_1.jpg,s3://mock-bucket/ids/SID-00-000-000-000-000-258_2.jpg,2026-02-11 05:31:35,2026-02-11 05:31:35,"[""Monday"",""Wednesday"",""Saturday""]","{""start"":""09:00"",""end"":""17:00""}",2026-02-11 05:31:35,2026-06-11 11:46:44
SID-00-000-000-000-000-178,True,2025-08-10 00:36:49,s3://mock-bucket/ids/SID-00-000-000-000-000-178_1.jpg,s3://mock-bucket/ids/SID-00-000-000-000-000-178_2.jpg,2025-08-10 00:36:49,2025-08-10 00:36:49,"[""Monday"",""Wednesday"",""Saturday""]","{""start"":""09:00"",""end"":""17:00""}",2025-08-10 00:36:49,2026-07-29 00:23:29
SID-00-000-000-000-000-202,True,2025-04-19 17:00:57,s3://mock-bucket/ids/SID-00-000-000-000-000-202_1.jpg,s3://mock-bucket/ids/SID-00-000-000-000-000-202_2.jpg,2025-04-19 17:00:57,2025-04-19 17:00:57,"[""Monday"",""Wednesday"",""Saturday""]","{""start"":""09:00"",""end"":""17:00""}",2025-04-19 17:00:57,2026-01-14 08:42:07
SID-00-000-000-000-000-352,True,2026-07-02 07:14:16,s3://mock-bucket/ids/SID-00-000-000-000-000-352_1.jpg,s3://mock-bucket/ids/SID-00-000-000-000-000-352_2.jpg,2026-07-02 07:14:16,2026-07-02 07:14:16,"[""Monday"",""Wednesday"",""Saturday""]","{""start"":""09:00"",""end"":""17:00""}",2026-07-02 07:14:16,2026-08-18 01:34:03
SID-00-000-000-000-000-090,True,2026-03-31 00:59:23,s3://mock-bucket/ids/SID-00-000-000-000-000-090_1.jpg,s3://mock-bucket/ids/SID-00-000-000-000-000-090_2.jpg,2026-03-31 00:59:23,2026-03-31 00:59:23,"[""Monday"",""Wednesday"",""Saturday""]","{""start"":""09:00"",""end"":""17:00""}",2026-03-31 00:59:23,2026-07-13 20:01:31
SID-00-000-000-000-000-235,True,2025-01-24 23:17:06,s3://mock-bucket/ids/SID-00-000-000-000-000-235_1.jpg,s3://mock-bucket/ids/SID-00-000-000-000-000-235_2.jpg,2025-01-24 23:17:06,2025-01-24 23:17:06,"[""Monday"",""Wednesday"",""Saturday""]","{""start"":""09:00"",""end"":""17:00""}",2025-01-24 23:17:06,2025-07-20 09:15:57
SID-00-000-000-000-000-393,True,2026-05-24 18:26:29,s3://mock-bucket/ids/SID-00-000-000-000-000-393_1.jpg,s3://mock-bucket/ids/SID-00-000-000-000-000-393_2.jpg,2026-05-24 18:26:29,2026-05-24 18:26:29,"[""Monday"",""Wednesday"",""Saturday""]","{""start"":""09:00"",""end"":""17:00""}",2026-05-24 18:26:29,2026-06-11 03:47:36
SID-00-000-000-000-000-266,True,2025-02-16 12:31:30,s3://mock-bucket/ids/SID-00-000-000-000-000-266_1.jpg,s3://mock-bucket/ids/SID-00-000-000-000-000-266_2.jpg,2025-02-16 12:31:30,2025-02-16 12:31:30,"[""Monday"",""Wednesday"",""Saturday""]","{""start"":""09:00"",""end"":""17:00""}",2025-02-16 12:31:30,2026-01-25 17:23:53
SID-00-000-000-000-000-236,True,2026-02-01 18:06:49,s3://mock-bucket/ids/SID-00-000-000-000-000-236_1.jpg,s3://mock-bucket/ids/SID-00-000-000-000-000-236_2.jpg,2026-02-01 18:06:49,2026-02-01 18:06:49,"[""Monday"",""Wednesday"",""Saturday""]","{""start"":""09:00"",""end"":""17:00""}",2026-02-01 18:06:49,2026-06-01 07:39:11
SID-00-000-000-000-000-381,True,2025-05-20 20:08:34,s3://mock-bucket/ids/SID-00-000-000-000-000-381_1.jpg,s3://mock-bucket/ids/SID-00-000-000-000-000-381_2.jpg,2025-05-20 20:08:34,2025-05-20 20:08:34,"[""Monday"",""Wednesday"",""Saturday""]","{""start"":""09:00"",""end"":""17:00""}",2025-05-20 20:08:34,2026-02-28 22:50:17
SID-00-000-000-000-000-353,True,2026-07-25 22:52:29,s3://mock-bucket/ids/SID-00-000-000-000-000-353_1.jpg,s3://mock-bucket/ids/SID-00-000-000-000-000-353_2.jpg,2026-07-25 22:52:29,2026-07-25 22:52:29,"[""Monday"",""Wednesday"",""Saturday""]","{""start"":""09:00"",""end"":""17:00""}",2026-07-25 22:52:29,2026-08-14 23:07:37
SID-00-000-000-000-000-005,True,2025-05-05 06:16:50,s3://mock-bucket/ids/SID-00-000-000-000-000-005_1.jpg,s3://mock-bucket/ids/SID-00-000-000-000-000-005_2.jpg,2025-05-05 06:16:50,2025-05-05 06:16:50,"[""Monday"",""Wednesday"",""Saturday""]","{""start"":""09:00"",""end"":""17:00""}",2025-05-05 06:16:50,2025-11-23 01:26:05
SID-00-000-000-000-000-007,True,2026-07-13 23:49:12,s3://mock-bucket/ids/SID-00-000-000-000-000-007_1.jpg,s3://mock-bucket/ids/SID-00-000-000-000-000-007_2.jpg,2026-07-13 23:49:12,2026-07-13 23:49:12,"[""Monday"",""Wednesday"",""Saturday""]","{""start"":""09:00"",""end"":""17:00""}",2026-07-13 23:49:12,2026-07-21 13:14:38
SID-00-000-000-000-000-346,True,2026-04-13 23:52:11,s3://mock-bucket/ids/SID-00-000-000-000-000-346_1.jpg,s3://mock-bucket/ids/SID-00-000-000-000-000-346_2.jpg,2026-04-13 23:52:11,2026-04-13 23:52:11,"[""Monday"",""Wednesday"",""Saturday""]","{""start"":""09:00"",""end"":""17:00""}",2026-04-13 23:52:11,2026-06-11 22:37:19
SID-00-000-000-000-000-108,True,2025-12-19 08:34:13,s3://mock-bucket/ids/SID-00-000-000-000-000-108_1.jpg,s3://mock-bucket/ids/SID-00-000-000-000-000-108_2.jpg,2025-12-19 08:34:13,2025-12-19 08:34:13,"[""Monday"",""Wednesday"",""Saturday""]","{""start"":""09:00"",""end"":""17:00""}",2025-12-19 08:34:13,2025-12-23 10:57:27
SID-00-000-000-000-000-195,True,2025-12-26 15:24:52,s3://mock-bucket/ids/SID-00-000-000-000-000-195_1.jpg,s3://mock-bucket/ids/SID-00-000-000-000-000-195_2.jpg,2025-12-26 15:24:52,2025-12-26 15:24:52,"[""Monday"",""Wednesday"",""Saturday""]","{""start"":""09:00"",""end"":""17:00""}",2025-12-26 15:24:52,2025-12-26 16:16:30
SID-00-000-000-000-000-298,True,2025-04-09 00:16:39,s3://mock-bucket/ids/SID-00-000-000-000-000-298_1.jpg,s3://mock-bucket/ids/SID-00-000-000-000-000-298_2.jpg,2025-04-09 00:16:39,2025-04-09 00:16:39,"[""Monday"",""Wednesday"",""Saturday""]","{""start"":""09:00"",""end"":""17:00""}",2025-04-09 00:16:39,2026-05-20 11:35:57
SID-00-000-000-000-000-052,True,2025-12-17 03:33:30,s3://mock-bucket/ids/SID-00-000-000-000-000-052_1.jpg,s3://mock-bucket/ids/SID-00-000-000-000-000-052_2.jpg,2025-12-17 03:33:30,2025-12-17 03:33:30,"[""Monday"",""Wednesday"",""Saturday""]","{""start"":""09:00"",""end"":""17:00""}",2025-12-17 03:33:30,2026-02-08 01:58:14
SID-00-000-000-000-000-167,True,2026-04-09 15:12:06,s3://mock-bucket/ids/SID-00-000-000-000-000-167_1.jpg,s3://mock-bucket/ids/SID-00-000-000-000-000-167_2.jpg,2026-04-09 15:12:06,2026-04-09 15:12:06,"[""Monday"",""Wednesday"",""Saturday""]","{""start"":""09:00"",""end"":""17:00""}",2026-04-09 15:12:06,2026-06-15 09:49:17
SID-00-000-000-000-000-186,True,2025-12-26 03:21:22,s3://mock-bucket/ids/SID-00-000-000-000-000-186_1.jpg,s3://mock-bucket/ids/SID-00-000-000-000-000-186_2.jpg,2025-12-26 03:21:22,2025-12-26 03:21:22,"[""Monday"",""Wednesday"",""Saturday""]","{""start"":""09:00"",""end"":""17:00""}",2025-12-26 03:21:22,2026-04-16 12:10:26
SID-00-000-000-000-000-314,True,2025-09-24 13:05:50,s3://mock-bucket/ids/SID-00-000-000-000-000-314_1.jpg,s3://mock-bucket/ids/SID-00-000-000-000-000-314_2.jpg,2025-09-24 13:05:50,2025-09-24 13:05:50,"[""Monday"",""Wednesday"",""Saturday""]","{""start"":""09:00"",""end"":""17:00""}",2025-09-24 13:05:50,2026-03-25 18:20:20
SID-00-000-000-000-000-133,True,2026-04-23 22:55:22,s3://mock-bucket/ids/SID-00-000-000-000-000-133_1.jpg,s3://mock-bucket/ids/SID-00-000-000-000-000-133_2.jpg,2026-04-23 22:55:22,2026-04-23 22:55:22,"[""Monday"",""Wednesday"",""Saturday""]","{""start"":""09:00"",""end"":""17:00""}",2026-04-23 22:55:22,2026-08-05 20:39:51
SID-00-000-000-000-000-096,True,2026-08-25 11:16:35,s3://mock-bucket/ids/SID-00-000-000-000-000-096_1.jpg,s3://mock-bucket/ids/SID-00-000-000-000-000-096_2.jpg,2026-08-25 11:16:35,2026-08-25 11:16:35,"[""Monday"",""Wednesday"",""Saturday""]","{""start"":""09:00"",""end"":""17:00""}",2026-08-25 11:16:35,2026-08-25 12:29:15
SID-00-000-000-000-000-281,True,2025-01-30 11:41:43,s3://mock-bucket/ids/SID-00-000-000-000-000-281_1.jpg,s3://mock-bucket/ids/SID-00-000-000-000-000-281_2.jpg,2025-01-30 11:41:43,2025-01-30 11:41:43,"[""Monday"",""Wednesday"",""Saturday""]","{""start"":""09:00"",""end"":""17:00""}",2025-01-30 11:41:43,2026-07-18 16:39:23
SID-00-000-000-000-000-135,True,2025-08-15 05:42:12,s3://mock-bucket/ids/SID-00-000-000-000-000-135_1.jpg,s3://mock-bucket/ids/SID-00-000-000-000-000-135_2.jpg,2025-08-15 05:42:12,2025-08-15 05:42:12,"[""Monday"",""Wednesday"",""Saturday""]","{""start"":""09:00"",""end"":""17:00""}",2025-08-15 05:42:12,2026-08-08 08:11:24
SID-00-000-000-000-000-122,True,2025-09-17 22:18:57,s3://mock-bucket/ids/SID-00-000-000-000-000-122_1.jpg,s3://mock-bucket/ids/SID-00-000-000-000-000-122_2.jpg,2025-09-17 22:18:57,2025-09-17 22:18:57,"[""Monday"",""Wednesday"",""Saturday""]","{""start"":""09:00"",""end"":""17:00""}",2025-09-17 22:18:57,2026-03-27 23:27:04
SID-00-000-000-000-000-138,True,2026-08-29 04:16:14,s3://mock-bucket/ids/SID-00-000-000-000-000-138_1.jpg,s3://mock-bucket/ids/SID-00-000-000-000-000-138_2.jpg,2026-08-29 04:16:14,2026-08-29 04:16:14,"[""Monday"",""Wednesday"",""Saturday""]","{""start"":""09:00"",""end"":""17:00""}",2026-08-29 04:16:14,2026-08-30 15:00:34
SID-00-000-000-000-000-242,True,2025-11-09 21:40:57,s3://mock-bucket/ids/SID-00-000-000-000-000-242_1.jpg,s3://mock-bucket/ids/SID-00-000-000-000-000-242_2.jpg,2025-11-09 21:40:57,2025-11-09 21:40:57,"[""Monday"",""Wednesday"",""Saturday""]","{""start"":""09:00"",""end"":""17:00""}",2025-11-09 21:40:57,2026-03-06 06:15:17
SID-00-000-000-000-000-343,True,2025-09-20 11:32:16,s3://mock-bucket/ids/SID-00-000-000-000-000-343_1.jpg,s3://mock-bucket/ids/SID-00-000-000-000-000-343_2.jpg,2025-09-20 11:32:16,2025-09-20 11:32:16,"[""Monday"",""Wednesday"",""Saturday""]","{""start"":""09:00"",""end"":""17:00""}",2025-09-20 11:32:16,2025-09-24 00:39:35
SID-00-000-000-000-000-176,True,2025-08-10 16:31:39,s3://mock-bucket/ids/SID-00-000-000-000-000-176_1.jpg,s3://mock-bucket/ids/SID-00-000-000-000-000-176_2.jpg,2025-08-10 16:31:39,2025-08-10 16:31:39,"[""Monday"",""Wednesday"",""Saturday""]","{""start"":""09:00"",""end"":""17:00""}",2025-08-10 16:31:39,2026-06-04 02:56:45
SID-00-000-000-000-000-188,True,2025-10-21 05:02:31,s3://mock-bucket/ids/SID-00-000-000-000-000-188_1.jpg,s3://mock-bucket/ids/SID-00-000-000-000-000-188_2.jpg,2025-10-21 05:02:31,2025-10-21 05:02:31,"[""Monday"",""Wednesday"",""Saturday""]","{""start"":""09:00"",""end"":""17:00""}",2025-10-21 05:02:31,2026-04-06 08:59:23
SID-00-000-000-000-000-095,True,2025-09-17 01:03:40,s3://mock-bucket/ids/SID-00-000-000-000-000-095_1.jpg,s3://mock-bucket/ids/SID-00-000-000-000-000-095_2.jpg,2025-09-17 01:03:40,2025-09-17 01:03:40,"[""Monday"",""Wednesday"",""Saturday""]","{""start"":""09:00"",""end"":""17:00""}",2025-09-17 01:03:40,2026-07-23 22:37:54
SID-00-000-000-000-000-256,True,2025-06-07 19:52:32,s3://mock-bucket/ids/SID-00-000-000-000-000-256_1.jpg,s3://mock-bucket/ids/SID-00-000-000-000-000-256_2.jpg,2025-06-07 19:52:32,2025-06-07 19:52:32,"[""Monday"",""Wednesday"",""Saturday""]","{""start"":""09:00"",""end"":""17:00""}",2025-06-07 19:52:32,2026-01-21 08:20:55
SID-00-000-000-000-000-218,True,2026-04-27 17:13:13,s3://mock-bucket/ids/SID-00-000-000-000-000-218_1.jpg,s3://mock-bucket/ids/SID-00-000-000-000-000-218_2.jpg,2026-04-27 17:13:13,2026-04-27 17:13:13,"[""Monday"",""Wednesday"",""Saturday""]","{""start"":""09:00"",""end"":""17:00""}",2026-04-27 17:13:13,2026-08-21 15:27:33
SID-00-000-000-000-000-349,True,2025-06-05 06:27:04,s3://mock-bucket/ids/SID-00-000-000-000-000-349_1.jpg,s3://mock-bucket/ids/SID-00-000-000-000-000-349_2.jpg,2025-06-05 06:27:04,2025-06-05 06:27:04,"[""Monday"",""Wednesday"",""Saturday""]","{""start"":""09:00"",""end"":""17:00""}",2025-06-05 06:27:04,2025-12-01 20:37:06
SID-00-000-000-000-000-215,True,2025-09-09 23:49:10,s3://mock-bucket/ids/SID-00-000-000-000-000-215_1.jpg,s3://mock-bucket/ids/SID-00-000-000-000-000-215_2.jpg,2025-09-09 23:49:10,2025-09-09 23:49:10,"[""Monday"",""Wednesday"",""Saturday""]","{""start"":""09:00"",""end"":""17:00""}",2025-09-09 23:49:10,2026-07-16 10:13:47
SID-00-000-000-000-000-383,True,2025-10-21 18:22:14,s3://mock-bucket/ids/SID-00-000-000-000-000-383_1.jpg,s3://mock-bucket/ids/SID-00-000-000-000-000-383_2.jpg,2025-10-21 18:22:14,2025-10-21 18:22:14,"[""Monday"",""Wednesday"",""Saturday""]","{""start"":""09:00"",""end"":""17:00""}",2025-10-21 18:22:14,2025-10-24 13:38:49
SID-00-000-000-000-000-187,True,2025-02-16 19:14:46,s3://mock-bucket/ids/SID-00-000-000-000-000-187_1.jpg,s3://mock-bucket/ids/SID-00-000-000-000-000-187_2.jpg,2025-02-16 19:14:46,2025-02-16 19:14:46,"[""Monday"",""Wednesday"",""Saturday""]","{""start"":""09:00"",""end"":""17:00""}",2025-02-16 19:14:46,2026-04-18 14:39:43
SID-00-000-000-000-000-206,True,2025-07-08 21:43:25,s3://mock-bucket/ids/SID-00-000-000-000-000-206_1.jpg,s3://mock-bucket/ids/SID-00-000-000-000-000-206_2.jpg,2025-07-08 21:43:25,2025-07-08 21:43:25,"[""Monday"",""Wednesday"",""Saturday""]","{""start"":""09:00"",""end"":""17:00""}",2025-07-08 21:43:25,2026-04-25 02:57:01
SID-00-000-000-000-000-374,True,2026-04-22 22:27:36,s3://mock-bucket/ids/SID-00-000-000-000-000-374_1.jpg,s3://mock-bucket/ids/SID-00-000-000-000-000-374_2.jpg,2026-04-22 22:27:36,2026-04-22 22:27:36,"[""Monday"",""Wednesday"",""Saturday""]","{""start"":""09:00"",""end"":""17:00""}",2026-04-22 22:27:36,2026-05-29 13:15:52
SID-00-000-000-000-000-231,True,2026-07-03 08:34:36,s3://mock-bucket/ids/SID-00-000-000-000-000-231_1.jpg,s3://mock-bucket/ids/SID-00-000-000-000-000-231_2.jpg,2026-07-03 08:34:36,2026-07-03 08:34:36,"[""Monday"",""Wednesday"",""Saturday""]","{""start"":""09:00"",""end"":""17:00""}",2026-07-03 08:34:36,2026-08-12 07:59:26
SID-00-000-000-000-000-093,True,2025-08-06 06:44:03,s3://mock-bucket/ids/SID-00-000-000-000-000-093_1.jpg,s3://mock-bucket/ids/SID-00-000-000-000-000-093_2.jpg,2025-08-06 06:44:03,2025-08-06 06:44:03,"[""Monday"",""Wednesday"",""Saturday""]","{""start"":""09:00"",""end"":""17:00""}",2025-08-06 06:44:03,2026-07-11 18:59:14
SID-00-000-000-000-000-293,True,2025-08-17 18:47:58,s3://mock-bucket/ids/SID-00-000-000-000-000-293_1.jpg,s3://mock-bucket/ids/SID-00-000-000-000-000-293_2.jpg,2025-08-17 18:47:58,2025-08-17 18:47:58,"[""Monday"",""Wednesday"",""Saturday""]","{""start"":""09:00"",""end"":""17:00""}",2025-08-17 18:47:58,2026-01-18 02:09:19
SID-00-000-000-000-000-068,True,2025-11-14 04:09:36,s3://mock-bucket/ids/SID-00-000-000-000-000-068_1.jpg,s3://mock-bucket/ids/SID-00-000-000-000-000-068_2.jpg,2025-11-14 04:09:36,2025-11-14 04:09:36,"[""Monday"",""Wednesday"",""Saturday""]","{""start"":""09:00"",""end"":""17:00""}",2025-11-14 04:09:36,2026-02-19 05:21:38
SID-00-000-000-000-000-379,True,2026-05-29 11:58:37,s3://mock-bucket/ids/SID-00-000-000-000-000-379_1.jpg,s3://mock-bucket/ids/SID-00-000-000-000-000-379_2.jpg,2026-05-29 11:58:37,2026-05-29 11:58:37,"[""Monday"",""Wednesday"",""Saturday""]","{""start"":""09:00"",""end"":""17:00""}",2026-05-29 11:58:37,2026-06-14 08:25:20
SID-00-000-000-000-000-400,True,2026-06-15 14:02:35,s3://mock-bucket/ids/SID-00-000-000-000-000-400_1.jpg,s3://mock-bucket/ids/SID-00-000-000-000-000-400_2.jpg,2026-06-15 14:02:35,2026-06-15 14:02:35,"[""Monday"",""Wednesday"",""Saturday""]","{""start"":""09:00"",""end"":""17:00""}",2026-06-15 14:02:35,2026-08-23 23:58:09
SID-00-000-000-000-000-350,True,2025-03-21 14:21:56,s3://mock-bucket/ids/SID-00-000-000-000-000-350_1.jpg,s3://mock-bucket/ids/SID-00-000-000-000-000-350_2.jpg,2025-03-21 14:21:56,2025-03-21 14:21:56,"[""Monday"",""Wednesday"",""Saturday""]","{""start"":""09:00"",""end"":""17:00""}",2025-03-21 14:21:56,2026-08-05 08:30:24
SID-00-000-000-000-000-139,True,2025-02-02 13:11:00,s3://mock-bucket/ids/SID-00-000-000-000-000-139_1.jpg,s3://mock-bucket/ids/SID-00-000-000-000-000-139_2.jpg,2025-02-02 13:11:00,2025-02-02 13:11:00,"[""Monday"",""Wednesday"",""Saturday""]","{""start"":""09:00"",""end"":""17:00""}",2025-02-02 13:11:00,2025-12-02 06:09:05
SID-00-000-000-000-000-121,True,2026-02-12 01:20:45,s3://mock-bucket/ids/SID-00-000-000-000-000-121_1.jpg,s3://mock-bucket/ids/SID-00-000-000-000-000-121_2.jpg,2026-02-12 01:20:45,2026-02-12 01:20:45,"[""Monday"",""Wednesday"",""Saturday""]","{""start"":""09:00"",""end"":""17:00""}",2026-02-12 01:20:45,2026-07-08 23:53:54
SID-00-000-000-000-000-285,True,2025-05-19 00:43:21,s3://mock-bucket/ids/SID-00-000-000-000-000-285_1.jpg,s3://mock-bucket/ids/SID-00-000-000-000-000-285_2.jpg,2025-05-19 00:43:21,2025-05-19 00:43:21,"[""Monday"",""Wednesday"",""Saturday""]","{""start"":""09:00"",""end"":""17:00""}",2025-05-19 00:43:21,2025-11-06 08:51:48
SID-00-000-000-000-000-222,True,2026-04-10 10:17:41,s3://mock-bucket/ids/SID-00-000-000-000-000-222_1.jpg,s3://mock-bucket/ids/SID-00-000-000-000-000-222_2.jpg,2026-04-10 10:17:41,2026-04-10 10:17:41,"[""Monday"",""Wednesday"",""Saturday""]","{""start"":""09:00"",""end"":""17:00""}",2026-04-10 10:17:41,2026-05-31 11:52:17
SID-00-000-000-000-000-196,True,2025-12-16 08:38:02,s3://mock-bucket/ids/SID-00-000-000-000-000-196_1.jpg,s3://mock-bucket/ids/SID-00-000-000-000-000-196_2.jpg,2025-12-16 08:38:02,2025-12-16 08:38:02,"[""Monday"",""Wednesday"",""Saturday""]","{""start"":""09:00"",""end"":""17:00""}",2025-12-16 08:38:02,2026-01-16 02:55:19
SID-00-000-000-000-000-101,True,2025-10-23 20:34:21,s3://mock-bucket/ids/SID-00-000-000-000-000-101_1.jpg,s3://mock-bucket/ids/SID-00-000-000-000-000-101_2.jpg,2025-10-23 20:34:21,2025-10-23 20:34:21,"[""Monday"",""Wednesday"",""Saturday""]","{""start"":""09:00"",""end"":""17:00""}",2025-10-23 20:34:21,2026-04-05 20:07:43
SID-00-000-000-000-000-075,True,2025-12-20 16:14:19,s3://mock-bucket/ids/SID-00-000-000-000-000-075_1.jpg,s3://mock-bucket/ids/SID-00-000-000-000-000-075_2.jpg,2025-12-20 16:14:19,2025-12-20 16:14:19,"[""Monday"",""Wednesday"",""Saturday""]","{""start"":""09:00"",""end"":""17:00""}",2025-12-20 16:14:19,2026-08-20 12:40:17
SID-00-000-000-000-000-077,True,2026-02-13 12:26:19,s3://mock-bucket/ids/SID-00-000-000-000-000-077_1.jpg,s3://mock-bucket/ids/SID-00-000-000-000-000-077_2.jpg,2026-02-13 12:26:19,2026-02-13 12:26:19,"[""Monday"",""Wednesday"",""Saturday""]","{""start"":""09:00"",""end"":""17:00""}",2026-02-13 12:26:19,2026-05-17 13:18:59
SID-00-000-000-000-000-243,True,2025-03-14 08:17:10,s3://mock-bucket/ids/SID-00-000-000-000-000-243_1.jpg,s3://mock-bucket/ids/SID-00-000-000-000-000-243_2.jpg,2025-03-14 08:17:10,2025-03-14 08:17:10,"[""Monday"",""Wednesday"",""Saturday""]","{""start"":""09:00"",""end"":""17:00""}",2025-03-14 08:17:10,2026-04-19 14:35:44
SID-00-000-000-000-000-360,True,2026-07-30 20:13:56,s3://mock-bucket/ids/SID-00-000-000-000-000-360_1.jpg,s3://mock-bucket/ids/SID-00-000-000-000-000-360_2.jpg,2026-07-30 20:13:56,2026-07-30 20:13:56,"[""Monday"",""Wednesday"",""Saturday""]","{""start"":""09:00"",""end"":""17:00""}",2026-07-30 20:13:56,2026-08-29 14:40:51
SID-00-000-000-000-000-091,True,2025-12-27 14:34:26,s3://mock-bucket/ids/SID-00-000-000-000-000-091_1.jpg,s3://mock-bucket/ids/SID-00-000-000-000-000-091_2.jpg,2025-12-27 14:34:26,2025-12-27 14:34:26,"[""Monday"",""Wednesday"",""Saturday""]","{""start"":""09:00"",""end"":""17:00""}",2025-12-27 14:34:26,2026-04-12 04:32:25
SID-00-000-000-000-000-216,True,2025-04-18 20:09:58,s3://mock-bucket/ids/SID-00-000-000-000-000-216_1.jpg,s3://mock-bucket/ids/SID-00-000-000-000-000-216_2.jpg,2025-04-18 20:09:58,2025-04-18 20:09:58,"[""Monday"",""Wednesday"",""Saturday""]","{""start"":""09:00"",""end"":""17:00""}",2025-04-18 20:09:58,2025-11-25 22:55:38
SID-00-000-000-000-000-331,True,2025-10-05 16:47:37,s3://mock-bucket/ids/SID-00-000-000-000-000-331_1.jpg,s3://mock-bucket/ids/SID-00-000-000-000-000-331_2.jpg,2025-10-05 16:47:37,2025-10-05 16:47:37,"[""Monday"",""Wednesday"",""Saturday""]","{""start"":""09:00"",""end"":""17:00""}",2025-10-05 16:47:37,2026-06-14 12:51:04
SID-00-000-000-000-000-069,True,2026-03-04 06:32:38,s3://mock-bucket/ids/SID-00-000-000-000-000-069_1.jpg,s3://mock-bucket/ids/SID-00-000-000-000-000-069_2.jpg,2026-03-04 06:32:38,2026-03-04 06:32:38,"[""Monday"",""Wednesday"",""Saturday""]","{""start"":""09:00"",""end"":""17:00""}",2026-03-04 06:32:38,2026-07-26 12:50:02
SID-00-000-000-000-000-265,True,2026-02-25 15:08:03,s3://mock-bucket/ids/SID-00-000-000-000-000-265_1.jpg,s3://mock-bucket/ids/SID-00-000-000-000-000-265_2.jpg,2026-02-25 15:08:03,2026-02-25 15:08:03,"[""Monday"",""Wednesday"",""Saturday""]","{""start"":""09:00"",""end"":""17:00""}",2026-02-25 15:08:03,2026-06-08 22:10:26
SID-00-000-000-000-000-274,True,2026-07-17 16:22:11,s3://mock-bucket/ids/SID-00-000-000-000-000-274_1.jpg,s3://mock-bucket/ids/SID-00-000-000-000-000-274_2.jpg,2026-07-17 16:22:11,2026-07-17 16:22:11,"[""Monday"",""Wednesday"",""Saturday""]","{""start"":""09:00"",""end"":""17:00""}",2026-07-17 16:22:11,2026-08-25 22:42:00
SID-00-000-000-000-000-354,True,2025-09-14 18:08:13,s3://mock-bucket/ids/SID-00-000-000-000-000-354_1.jpg,s3://mock-bucket/ids/SID-00-000-000-000-000-354_2.jpg,2025-09-14 18:08:13,2025-09-14 18:08:13,"[""Monday"",""Wednesday"",""Saturday""]","{""start"":""09:00"",""end"":""17:00""}",2025-09-14 18:08:13,2025-12-28 03:44:23
SID-00-000-000-000-000-250,True,2025-06-15 11:38:29,s3://mock-bucket/ids/SID-00-000-000-000-000-250_1.jpg,s3://mock-bucket/ids/SID-00-000-000-000-000-250_2.jpg,2025-06-15 11:38:29,2025-06-15 11:38:29,"[""Monday"",""Wednesday"",""Saturday""]","{""start"":""09:00"",""end"":""17:00""}",2025-06-15 11:38:29,2026-05-02 04:43:39
SID-00-000-000-000-000-154,True,2026-01-26 08:38:32,s3://mock-bucket/ids/SID-00-000-000-000-000-154_1.jpg,s3://mock-bucket/ids/SID-00-000-000-000-000-154_2.jpg,2026-01-26 08:38:32,2026-01-26 08:38:32,"[""Monday"",""Wednesday"",""Saturday""]","{""start"":""09:00"",""end"":""17:00""}",2026-01-26 08:38:32,2026-04-09 08:56:06
SID-00-000-000-000-000-129,True,2025-11-22 04:24:12,s3://mock-bucket/ids/SID-00-000-000-000-000-129_1.jpg,s3://mock-bucket/ids/SID-00-000-000-000-000-129_2.jpg,2025-11-22 04:24:12,2025-11-22 04:24:12,"[""Monday"",""Wednesday"",""Saturday""]","{""start"":""09:00"",""end"":""17:00""}",2025-11-22 04:24:12,2025-12-18 18:32:01
SID-00-000-000-000-000-288,True,2025-12-07 09:00:55,s3://mock-bucket/ids/SID-00-000-000-000-000-288_1.jpg,s3://mock-bucket/ids/SID-00-000-000-000-000-288_2.jpg,2025-12-07 09:00:55,2025-12-07 09:00:55,"[""Monday"",""Wednesday"",""Saturday""]","{""start"":""09:00"",""end"":""17:00""}",2025-12-07 09:00:55,2026-02-16 05:10:24
SID-00-000-000-000-000-291,True,2026-04-17 17:13:15,s3://mock-bucket/ids/SID-00-000-000-000-000-291_1.jpg,s3://mock-bucket/ids/SID-00-000-000-000-000-291_2.jpg,2026-04-17 17:13:15,2026-04-17 17:13:15,"[""Monday"",""Wednesday"",""Saturday""]","{""start"":""09:00"",""end"":""17:00""}",2026-04-17 17:13:15,2026-05-14 05:56:05
SID-00-000-000-000-000-025,True,2025-02-28 10:38:49,s3://mock-bucket/ids/SID-00-000-000-000-000-025_1.jpg,s3://mock-bucket/ids/SID-00-000-000-000-000-025_2.jpg,2025-02-28 10:38:49,2025-02-28 10:38:49,"[""Monday"",""Wednesday"",""Saturday""]","{""start"":""09:00"",""end"":""17:00""}",2025-02-28 10:38:49,2025-10-11 09:05:40
SID-00-000-000-000-000-373,True,2025-10-12 03:21:12,s3://mock-bucket/ids/SID-00-000-000-000-000-373_1.jpg,s3://mock-bucket/ids/SID-00-000-000-000-000-373_2.jpg,2025-10-12 03:21:12,2025-10-12 03:21:12,"[""Monday"",""Wednesday"",""Saturday""]","{""start"":""09:00"",""end"":""17:00""}",2025-10-12 03:21:12,2025-11-23 23:56:56
SID-00-000-000-000-000-051,True,2026-07-24 22:56:09,s3://mock-bucket/ids/SID-00-000-000-000-000-051_1.jpg,s3://mock-bucket/ids/SID-00-000-000-000-000-051_2.jpg,2026-07-24 22:56:09,2026-07-24 22:56:09,"[""Monday"",""Wednesday"",""Saturday""]","{""start"":""09:00"",""end"":""17:00""}",2026-07-24 22:56:09,2026-08-24 20:58:10
SID-00-000-000-000-000-084,True,2026-06-28 03:30:24,s3://mock-bucket/ids/SID-00-000-000-000-000-084_1.jpg,s3://mock-bucket/ids/SID-00-000-000-000-000-084_2.jpg,2026-06-28 03:30:24,2026-06-28 03:30:24,"[""Monday"",""Wednesday"",""Saturday""]","{""start"":""09:00"",""end"":""17:00""}",2026-06-28 03:30:24,2026-08-11 08:31:58
SID-00-000-000-000-000-031,True,2025-12-05 16:42:04,s3://mock-bucket/ids/SID-00-000-000-000-000-031_1.jpg,s3://mock-bucket/ids/SID-00-000-000-000-000-031_2.jpg,2025-12-05 16:42:04,2025-12-05 16:42:04,"[""Monday"",""Wednesday"",""Saturday""]","{""start"":""09:00"",""end"":""17:00""}",2025-12-05 16:42:04,2026-08-02 14:21:23
SID-00-000-000-000-000-111,True,2025-06-14 01:41:12,s3://mock-bucket/ids/SID-00-000-000-000-000-111_1.jpg,s3://mock-bucket/ids/SID-00-000-000-000-000-111_2.jpg,2025-06-14 01:41:12,2025-06-14 01:41:12,"[""Monday"",""Wednesday"",""Saturday""]","{""start"":""09:00"",""end"":""17:00""}",2025-06-14 01:41:12,2026-05-31 17:52:46
SID-00-000-000-000-000-131,True,2025-12-17 09:38:06,s3://mock-bucket/ids/SID-00-000-000-000-000-131_1.jpg,s3://mock-bucket/ids/SID-00-000-000-000-000-131_2.jpg,2025-12-17 09:38:06,2025-12-17 09:38:06,"[""Monday"",""Wednesday"",""Saturday""]","{""start"":""09:00"",""end"":""17:00""}",2025-12-17 09:38:06,2026-04-02 02:06:32
SID-00-000-000-000-000-244,True,2026-03-02 02:36:28,s3://mock-bucket/ids/SID-00-000-000-000-000-244_1.jpg,s3://mock-bucket/ids/SID-00-000-000-000-000-244_2.jpg,2026-03-02 02:36:28,2026-03-02 02:36:28,"[""Monday"",""Wednesday"",""Saturday""]","{""start"":""09:00"",""end"":""17:00""}",2026-03-02 02:36:28,2026-07-16 03:02:48
SID-00-000-000-000-000-050,True,2026-01-28 23:47:33,s3://mock-bucket/ids/SID-00-000-000-000-000-050_1.jpg,s3://mock-bucket/ids/SID-00-000-000-000-000-050_2.jpg,2026-01-28 23:47:33,2026-01-28 23:47:33,"[""Monday"",""Wednesday"",""Saturday""]","{""start"":""09:00"",""end"":""17:00""}",2026-01-28 23:47:33,2026-08-08 01:31:39
SID-00-000-000-000-000-323,True,2025-11-10 07:45:55,s3://mock-bucket/ids/SID-00-000-000-000-000-323_1.jpg,s3://mock-bucket/ids/SID-00-000-000-000-000-323_2.jpg,2025-11-10 07:45:55,2025-11-10 07:45:55,"[""Monday"",""Wednesday"",""Saturday""]","{""start"":""09:00"",""end"":""17:00""}",2025-11-10 07:45:55,2026-01-22 06:05:23
SID-00-000-000-000-000-172,True,2026-06-10 13:09:10,s3://mock-bucket/ids/SID-00-000-000-000-000-172_1.jpg,s3://mock-bucket/ids/SID-00-000-000-000-000-172_2.jpg,2026-06-10 13:09:10,2026-06-10 13:09:10,"[""Monday"",""Wednesday"",""Saturday""]","{""start"":""09:00"",""end"":""17:00""}",2026-06-10 13:09:10,2026-07-11 16:18:24
SID-00-000-000-000-000-134,True,2025-07-05 04:50:04,s3://mock-bucket/ids/SID-00-000-000-000-000-134_1.jpg,s3://mock-bucket/ids/SID-00-000-000-000-000-134_2.jpg,2025-07-05 04:50:04,2025-07-05 04:50:04,"[""Monday"",""Wednesday"",""Saturday""]","{""start"":""09:00"",""end"":""17:00""}",2025-07-05 04:50:04,2025-07-20 06:23:27
SID-00-000-000-000-000-185,True,2026-07-11 20:19:10,s3://mock-bucket/ids/SID-00-000-000-000-000-185_1.jpg,s3://mock-bucket/ids/SID-00-000-000-000-000-185_2.jpg,2026-07-11 20:19:10,2026-07-11 20:19:10,"[""Monday"",""Wednesday"",""Saturday""]","{""start"":""09:00"",""end"":""17:00""}",2026-07-11 20:19:10,2026-07-26 14:51:10
SID-00-000-000-000-000-282,True,2025-04-12 08:30:05,s3://mock-bucket/ids/SID-00-000-000-000-000-282_1.jpg,s3://mock-bucket/ids/SID-00-000-000-000-000-282_2.jpg,2025-04-12 08:30:05,2025-04-12 08:30:05,"[""Monday"",""Wednesday"",""Saturday""]","{""start"":""09:00"",""end"":""17:00""}",2025-04-12 08:30:05,2025-05-20 21:42:36
SID-00-000-000-000-000-132,True,2025-03-18 23:02:35,s3://mock-bucket/ids/SID-00-000-000-000-000-132_1.jpg,s3://mock-bucket/ids/SID-00-000-000-000-000-132_2.jpg,2025-03-18 23:02:35,2025-03-18 23:02:35,"[""Monday"",""Wednesday"",""Saturday""]","{""start"":""09:00"",""end"":""17:00""}",2025-03-18 23:02:35,2026-05-08 11:37:14
SID-00-000-000-000-000-177,True,2025-01-29 05:25:25,s3://mock-bucket/ids/SID-00-000-000-000-000-177_1.jpg,s3://mock-bucket/ids/SID-00-000-000-000-000-177_2.jpg,2025-01-29 05:25:25,2025-01-29 05:25:25,"[""Monday"",""Wednesday"",""Saturday""]","{""start"":""09:00"",""end"":""17:00""}",2025-01-29 05:25:25,2025-02-15 09:58:23
SID-00-000-000-000-000-011,True,2025-02-19 17:31:45,s3://mock-bucket/ids/SID-00-000-000-000-000-011_1.jpg,s3://mock-bucket/ids/SID-00-000-000-000-000-011_2.jpg,2025-02-19 17:31:45,2025-02-19 17:31:45,"[""Monday"",""Wednesday"",""Saturday""]","{""start"":""09:00"",""end"":""17:00""}",2025-02-19 17:31:45,2025-07-14 03:39:25
SID-00-000-000-000-000-211,True,2026-04-08 14:57:00,s3://mock-bucket/ids/SID-00-000-000-000-000-211_1.jpg,s3://mock-bucket/ids/SID-00-000-000-000-000-211_2.jpg,2026-04-08 14:57:00,2026-04-08 14:57:00,"[""Monday"",""Wednesday"",""Saturday""]","{""start"":""09:00"",""end"":""17:00""}",2026-04-08 14:57:00,2026-04-28 11:34:44
SID-00-000-000-000-000-063,True,2025-12-31 23:48:12,s3://mock-bucket/ids/SID-00-000-000-000-000-063_1.jpg,s3://mock-bucket/ids/SID-00-000-000-000-000-063_2.jpg,2025-12-31 23:48:12,2025-12-31 23:48:12,"[""Monday"",""Wednesday"",""Saturday""]","{""start"":""09:00"",""end"":""17:00""}",2025-12-31 23:48:12,2026-04-20 13:18:05
SID-00-000-000-000-000-180,True,2025-11-29 04:57:59,s3://mock-bucket/ids/SID-00-000-000-000-000-180_1.jpg,s3://mock-bucket/ids/SID-00-000-000-000-000-180_2.jpg,2025-11-29 04:57:59,2025-11-29 04:57:59,"[""Monday"",""Wednesday"",""Saturday""]","{""start"":""09:00"",""end"":""17:00""}",2025-11-29 04:57:59,2026-03-13 18:02:48
SID-00-000-000-000-000-102,True,2025-12-19 05:49:56,s3://mock-bucket/ids/SID-00-000-000-000-000-102_1.jpg,s3://mock-bucket/ids/SID-00-000-000-000-000-102_2.jpg,2025-12-19 05:49:56,2025-12-19 05:49:56,"[""Monday"",""Wednesday"",""Saturday""]","{""start"":""09:00"",""end"":""17:00""}",2025-12-19 05:49:56,2026-02-05 19:16:55
SID-00-000-000-000-000-359,True,2025-03-16 12:45:27,s3://mock-bucket/ids/SID-00-000-000-000-000-359_1.jpg,s3://mock-bucket/ids/SID-00-000-000-000-000-359_2.jpg,2025-03-16 12:45:27,2025-03-16 12:45:27,"[""Monday"",""Wednesday"",""Saturday""]","{""start"":""09:00"",""end"":""17:00""}",2025-03-16 12:45:27,2026-02-20 01:26:09
SID-00-000-000-000-000-146,True,2025-11-06 03:53:32,s3://mock-bucket/ids/SID-00-000-000-000-000-146_1.jpg,s3://mock-bucket/ids/SID-00-000-000-000-000-146_2.jpg,2025-11-06 03:53:32,2025-11-06 03:53:32,"[""Monday"",""Wednesday"",""Saturday""]","{""start"":""09:00"",""end"":""17:00""}",2025-11-06 03:53:32,2026-08-15 13:01:16
SID-00-000-000-000-000-182,True,2025-11-11 21:30:48,s3://mock-bucket/ids/SID-00-000-000-000-000-182_1.jpg,s3://mock-bucket/ids/SID-00-000-000-000-000-182_2.jpg,2025-11-11 21:30:48,2025-11-11 21:30:48,"[""Monday"",""Wednesday"",""Saturday""]","{""start"":""09:00"",""end"":""17:00""}",2025-11-11 21:30:48,2025-11-15 01:58:51
SID-00-000-000-000-000-345,True,2026-01-27 13:17:37,s3://mock-bucket/ids/SID-00-000-000-000-000-345_1.jpg,s3://mock-bucket/ids/SID-00-000-000-000-000-345_2.jpg,2026-01-27 13:17:37,2026-01-27 13:17:37,"[""Monday"",""Wednesday"",""Saturday""]","{""start"":""09:00"",""end"":""17:00""}",2026-01-27 13:17:37,2026-04-27 23:14:41
SID-00-000-000-000-000-375,True,2025-06-19 23:05:02,s3://mock-bucket/ids/SID-00-000-000-000-000-375_1.jpg,s3://mock-bucket/ids/SID-00-000-000-000-000-375_2.jpg,2025-06-19 23:05:02,2025-06-19 23:05:02,"[""Monday"",""Wednesday"",""Saturday""]","{""start"":""09:00"",""end"":""17:00""}",2025-06-19 23:05:02,2025-08-29 00:28:39
SID-00-000-000-000-000-299,True,2025-10-29 10:41:33,s3://mock-bucket/ids/SID-00-000-000-000-000-299_1.jpg,s3://mock-bucket/ids/SID-00-000-000-000-000-299_2.jpg,2025-10-29 10:41:33,2025-10-29 10:41:33,"[""Monday"",""Wednesday"",""Saturday""]","{""start"":""09:00"",""end"":""17:00""}",2025-10-29 10:41:33,2025-12-26 23:09:58
SID-00-000-000-000-000-229,True,2025-02-18 14:16:22,s3://mock-bucket/ids/SID-00-000-000-000-000-229_1.jpg,s3://mock-bucket/ids/SID-00-000-000-000-000-229_2.jpg,2025-02-18 14:16:22,2025-02-18 14:16:22,"[""Monday"",""Wednesday"",""Saturday""]","{""start"":""09:00"",""end"":""17:00""}",2025-02-18 14:16:22,2025-03-02 00:45:49
SID-00-000-000-000-000-392,True,2025-05-17 03:17:26,s3://mock-bucket/ids/SID-00-000-000-000-000-392_1.jpg,s3://mock-bucket/ids/SID-00-000-000-000-000-392_2.jpg,2025-05-17 03:17:26,2025-05-17 03:17:26,"[""Monday"",""Wednesday"",""Saturday""]","{""start"":""09:00"",""end"":""17:00""}",2025-05-17 03:17:26,2026-06-04 12:16:49
SID-00-000-000-000-000-312,True,2025-07-22 20:07:52,s3://mock-bucket/ids/SID-00-000-000-000-000-312_1.jpg,s3://mock-bucket/ids/SID-00-000-000-000-000-312_2.jpg,2025-07-22 20:07:52,2025-07-22 20:07:52,"[""Monday"",""Wednesday"",""Saturday""]","{""start"":""09:00"",""end"":""17:00""}",2025-07-22 20:07:52,2026-01-07 12:48:37
SID-00-000-000-000-000-147,True,2026-08-25 22:23:06,s3://mock-bucket/ids/SID-00-000-000-000-000-147_1.jpg,s3://mock-bucket/ids/SID-00-000-000-000-000-147_2.jpg,2026-08-25 22:23:06,2026-08-25 22:23:06,"[""Monday"",""Wednesday"",""Saturday""]","{""start"":""09:00"",""end"":""17:00""}",2026-08-25 22:23:06,2026-08-28 00:10:46
SID-00-000-000-000-000-238,True,2026-06-20 06:22:52,s3://mock-bucket/ids/SID-00-000-000-000-000-238_1.jpg,s3://mock-bucket/ids/SID-00-000-000-000-000-238_2.jpg,2026-06-20 06:22:52,2026-06-20 06:22:52,"[""Monday"",""Wednesday"",""Saturday""]","{""start"":""09:00"",""end"":""17:00""}",2026-06-20 06:22:52,2026-07-31 01:37:06
SID-00-000-000-000-000-310,True,2025-10-20 10:00:39,s3://mock-bucket/ids/SID-00-000-000-000-000-310_1.jpg,s3://mock-bucket/ids/SID-00-000-000-000-000-310_2.jpg,2025-10-20 10:00:39,2025-10-20 10:00:39,"[""Monday"",""Wednesday"",""Saturday""]","{""start"":""09:00"",""end"":""17:00""}",2025-10-20 10:00:39,2026-02-18 10:06:57
SID-00-000-000-000-000-086,True,2025-04-17 05:44:59,s3://mock-bucket/ids/SID-00-000-000-000-000-086_1.jpg,s3://mock-bucket/ids/SID-00-000-000-000-000-086_2.jpg,2025-04-17 05:44:59,2025-04-17 05:44:59,"[""Monday"",""Wednesday"",""Saturday""]","{""start"":""09:00"",""end"":""17:00""}",2025-04-17 05:44:59,2026-05-09 08:31:11
SID-00-000-000-000-000-173,True,2025-12-10 14:29:18,s3://mock-bucket/ids/SID-00-000-000-000-000-173_1.jpg,s3://mock-bucket/ids/SID-00-000-000-000-000-173_2.jpg,2025-12-10 14:29:18,2025-12-10 14:29:18,"[""Monday"",""Wednesday"",""Saturday""]","{""start"":""09:00"",""end"":""17:00""}",2025-12-10 14:29:18,2026-05-03 20:09:36
SID-00-000-000-000-000-305,True,2026-08-30 05:52:50,s3://mock-bucket/ids/SID-00-000-000-000-000-305_1.jpg,s3://mock-bucket/ids/SID-00-000-000-000-000-305_2.jpg,2026-08-30 05:52:50,2026-08-30 05:52:50,"[""Monday"",""Wednesday"",""Saturday""]","{""start"":""09:00"",""end"":""17:00""}",2026-08-30 05:52:50,2026-08-30 14:19:18
SID-00-000-000-000-000-208,True,2026-06-22 17:10:41,s3://mock-bucket/ids/SID-00-000-000-000-000-208_1.jpg,s3://mock-bucket/ids/SID-00-000-000-000-000-208_2.jpg,2026-06-22 17:10:41,2026-06-22 17:10:41,"[""Monday"",""Wednesday"",""Saturday""]","{""start"":""09:00"",""end"":""17:00""}",2026-06-22 17:10:41,2026-08-29 09:09:13
SID-00-000-000-000-000-037,True,2026-08-07 06:59:32,s3://mock-bucket/ids/SID-00-000-000-000-000-037_1.jpg,s3://mock-bucket/ids/SID-00-000-000-000-000-037_2.jpg,2026-08-07 06:59:32,2026-08-07 06:59:32,"[""Monday"",""Wednesday"",""Saturday""]","{""start"":""09:00"",""end"":""17:00""}",2026-08-07 06:59:32,2026-08-26 12:01:49
SID-00-000-000-000-000-356,True,2025-06-21 19:25:51,s3://mock-bucket/ids/SID-00-000-000-000-000-356_1.jpg,s3://mock-bucket/ids/SID-00-000-000-000-000-356_2.jpg,2025-06-21 19:25:51,2025-06-21 19:25:51,"[""Monday"",""Wednesday"",""Saturday""]","{""start"":""09:00"",""end"":""17:00""}",2025-06-21 19:25:51,2025-07-16 11:03:13
SID-00-000-000-000-000-042,True,2025-10-01 05:15:33,s3://mock-bucket/ids/SID-00-000-000-000-000-042_1.jpg,s3://mock-bucket/ids/SID-00-000-000-000-000-042_2.jpg,2025-10-01 05:15:33,2025-10-01 05:15:33,"[""Monday"",""Wednesday"",""Saturday""]","{""start"":""09:00"",""end"":""17:00""}",2025-10-01 05:15:33,2026-02-06 11:23:58
SID-00-000-000-000-000-088,True,2026-01-10 06:17:40,s3://mock-bucket/ids/SID-00-000-000-000-000-088_1.jpg,s3://mock-bucket/ids/SID-00-000-000-000-000-088_2.jpg,2026-01-10 06:17:40,2026-01-10 06:17:40,"[""Monday"",""Wednesday"",""Saturday""]","{""start"":""09:00"",""end"":""17:00""}",2026-01-10 06:17:40,2026-02-10 10:01:40
SID-00-000-000-000-000-059,True,2025-05-24 04:47:16,s3://mock-bucket/ids/SID-00-000-000-000-000-059_1.jpg,s3://mock-bucket/ids/SID-00-000-000-000-000-059_2.jpg,2025-05-24 04:47:16,2025-05-24 04:47:16,"[""Monday"",""Wednesday"",""Saturday""]","{""start"":""09:00"",""end"":""17:00""}",2025-05-24 04:47:16,2025-09-14 16:03:44
SID-00-000-000-000-000-081,True,2025-03-03 08:04:36,s3://mock-bucket/ids/SID-00-000-000-000-000-081_1.jpg,s3://mock-bucket/ids/SID-00-000-000-000-000-081_2.jpg,2025-03-03 08:04:36,2025-03-03 08:04:36,"[""Monday"",""Wednesday"",""Saturday""]","{""start"":""09:00"",""end"":""17:00""}",2025-03-03 08:04:36,2025-04-15 20:42:25
SID-00-000-000-000-000-082,True,2026-06-02 22:48:43,s3://mock-bucket/ids/SID-00-000-000-000-000-082_1.jpg,s3://mock-bucket/ids/SID-00-000-000-000-000-082_2.jpg,2026-06-02 22:48:43,2026-06-02 22:48:43,"[""Monday"",""Wednesday"",""Saturday""]","{""start"":""09:00"",""end"":""17:00""}",2026-06-02 22:48:43,2026-06-28 19:48:37
SID-00-000-000-000-000-168,True,2025-10-23 07:15:41,s3://mock-bucket/ids/SID-00-000-000-000-000-168_1.jpg,s3://mock-bucket/ids/SID-00-000-000-000-000-168_2.jpg,2025-10-23 07:15:41,2025-10-23 07:15:41,"[""Monday"",""Wednesday"",""Saturday""]","{""start"":""09:00"",""end"":""17:00""}",2025-10-23 07:15:41,2026-08-20 12:52:13
SID-00-000-000-000-000-269,True,2025-12-16 04:31:53,s3://mock-bucket/ids/SID-00-000-000-000-000-269_1.jpg,s3://mock-bucket/ids/SID-00-000-000-000-000-269_2.jpg,2025-12-16 04:31:53,2025-12-16 04:31:53,"[""Monday"",""Wednesday"",""Saturday""]","{""start"":""09:00"",""end"":""17:00""}",2025-12-16 04:31:53,2026-05-17 14:10:02
SID-00-000-000-000-000-271,True,2025-07-22 01:51:37,s3://mock-bucket/ids/SID-00-000-000-000-000-271_1.jpg,s3://mock-bucket/ids/SID-00-000-000-000-000-271_2.jpg,2025-07-22 01:51:37,2025-07-22 01:51:37,"[""Monday"",""Wednesday"",""Saturday""]","{""start"":""09:00"",""end"":""17:00""}",2025-07-22 01:51:37,2025-09-15 12:34:02
SID-00-000-000-000-000-303,True,2026-06-16 22:34:01,s3://mock-bucket/ids/SID-00-000-000-000-000-303_1.jpg,s3://mock-bucket/ids/SID-00-000-000-000-000-303_2.jpg,2026-06-16 22:34:01,2026-06-16 22:34:01,"[""Monday"",""Wednesday"",""Saturday""]","{""start"":""09:00"",""end"":""17:00""}",2026-06-16 22:34:01,2026-08-08 16:17:45
SID-00-000-000-000-000-155,True,2025-03-05 02:06:13,s3://mock-bucket/ids/SID-00-000-000-000-000-155_1.jpg,s3://mock-bucket/ids/SID-00-000-000-000-000-155_2.jpg,2025-03-05 02:06:13,2025-03-05 02:06:13,"[""Monday"",""Wednesday"",""Saturday""]","{""start"":""09:00"",""end"":""17:00""}",2025-03-05 02:06:13,2026-03-05 06:16:29
SID-00-000-000-000-000-166,True,2025-08-21 20:30:04,s3://mock-bucket/ids/SID-00-000-000-000-000-166_1.jpg,s3://mock-bucket/ids/SID-00-000-000-000-000-166_2.jpg,2025-08-21 20:30:04,2025-08-21 20:30:04,"[""Monday"",""Wednesday"",""Saturday""]","{""start"":""09:00"",""end"":""17:00""}",2025-08-21 20:30:04,2025-10-31 09:10:14
SID-00-000-000-000-000-301,True,2026-03-21 07:17:09,s3://mock-bucket/ids/SID-00-000-000-000-000-301_1.jpg,s3://mock-bucket/ids/SID-00-000-000-000-000-301_2.jpg,2026-03-21 07:17:09,2026-03-21 07:17:09,"[""Monday"",""Wednesday"",""Saturday""]","{""start"":""09:00"",""end"":""17:00""}",2026-03-21 07:17:09,2026-04-27 14:58:00
SID-00-000-000-000-000-070,True,2026-02-26 10:40:39,s3://mock-bucket/ids/SID-00-000-000-000-000-070_1.jpg,s3://mock-bucket/ids/SID-00-000-000-000-000-070_2.jpg,2026-02-26 10:40:39,2026-02-26 10:40:39,"[""Monday"",""Wednesday"",""Saturday""]","{""start"":""09:00"",""end"":""17:00""}",2026-02-26 10:40:39,2026-08-19 08:56:14
SID-00-000-000-000-000-228,True,2025-11-04 06:11:24,s3://mock-bucket/ids/SID-00-000-000-000-000-228_1.jpg,s3://mock-bucket/ids/SID-00-000-000-000-000-228_2.jpg,2025-11-04 06:11:24,2025-11-04 06:11:24,"[""Monday"",""Wednesday"",""Saturday""]","{""start"":""09:00"",""end"":""17:00""}",2025-11-04 06:11:24,2026-02-09 09:05:58
SID-00-000-000-000-000-372,True,2025-02-28 13:33:25,s3://mock-bucket/ids/SID-00-000-000-000-000-372_1.jpg,s3://mock-bucket/ids/SID-00-000-000-000-000-372_2.jpg,2025-02-28 13:33:25,2025-02-28 13:33:25,"[""Monday"",""Wednesday"",""Saturday""]","{""start"":""09:00"",""end"":""17:00""}",2025-02-28 13:33:25,2025-12-21 22:40:31
SID-00-000-000-000-000-200,True,2025-11-18 12:13:03,s3://mock-bucket/ids/SID-00-000-000-000-000-200_1.jpg,s3://mock-bucket/ids/SID-00-000-000-000-000-200_2.jpg,2025-11-18 12:13:03,2025-11-18 12:13:03,"[""Monday"",""Wednesday"",""Saturday""]","{""start"":""09:00"",""end"":""17:00""}",2025-11-18 12:13:03,2025-11-23 09:48:08
SID-00-000-000-000-000-221,True,2025-11-14 18:57:07,s3://mock-bucket/ids/SID-00-000-000-000-000-221_1.jpg,s3://mock-bucket/ids/SID-00-000-000-000-000-221_2.jpg,2025-11-14 18:57:07,2025-11-14 18:57:07,"[""Monday"",""Wednesday"",""Saturday""]","{""start"":""09:00"",""end"":""17:00""}",2025-11-14 18:57:07,2026-01-01 03:42:57
SID-00-000-000-000-000-322,True,2025-02-05 12:15:06,s3://mock-bucket/ids/SID-00-000-000-000-000-322_1.jpg,s3://mock-bucket/ids/SID-00-000-000-000-000-322_2.jpg,2025-02-05 12:15:06,2025-02-05 12:15:06,"[""Monday"",""Wednesday"",""Saturday""]","{""start"":""09:00"",""end"":""17:00""}",2025-02-05 12:15:06,2026-08-14 14:53:58
SID-00-000-000-000-000-192,True,2025-04-19 20:18:59,s3://mock-bucket/ids/SID-00-000-000-000-000-192_1.jpg,s3://mock-bucket/ids/SID-00-000-000-000-000-192_2.jpg,2025-04-19 20:18:59,2025-04-19 20:18:59,"[""Monday"",""Wednesday"",""Saturday""]","{""start"":""09:00"",""end"":""17:00""}",2025-04-19 20:18:59,2025-10-30 05:18:40
SID-00-000-000-000-000-151,True,2025-02-27 06:48:46,s3://mock-bucket/ids/SID-00-000-000-000-000-151_1.jpg,s3://mock-bucket/ids/SID-00-000-000-000-000-151_2.jpg,2025-02-27 06:48:46,2025-02-27 06:48:46,"[""Monday"",""Wednesday"",""Saturday""]","{""start"":""09:00"",""end"":""17:00""}",2025-02-27 06:48:46,2025-12-23 03:57:55
SID-00-000-000-000-000-283,True,2026-02-13 18:50:51,s3://mock-bucket/ids/SID-00-000-000-000-000-283_1.jpg,s3://mock-bucket/ids/SID-00-000-000-000-000-283_2.jpg,2026-02-13 18:50:51,2026-02-13 18:50:51,"[""Monday"",""Wednesday"",""Saturday""]","{""start"":""09:00"",""end"":""17:00""}",2026-02-13 18:50:51,2026-08-04 19:32:33
SID-00-000-000-000-000-116,True,2026-05-17 07:55:44,s3://mock-bucket/ids/SID-00-000-000-000-000-116_1.jpg,s3://mock-bucket/ids/SID-00-000-000-000-000-116_2.jpg,2026-05-17 07:55:44,2026-05-17 07:55:44,"[""Monday"",""Wednesday"",""Saturday""]","{""start"":""09:00"",""end"":""17:00""}",2026-05-17 07:55:44,2026-07-04 07:47:17
SID-00-000-000-000-000-106,True,2026-08-20 01:58:45,s3://mock-bucket/ids/SID-00-000-000-000-000-106_1.jpg,s3://mock-bucket/ids/SID-00-000-000-000-000-106_2.jpg,2026-08-20 01:58:45,2026-08-20 01:58:45,"[""Monday"",""Wednesday"",""Saturday""]","{""start"":""09:00"",""end"":""17:00""}",2026-08-20 01:58:45,2026-08-29 00:49:34
SID-00-000-000-000-000-043,True,2026-06-04 12:42:28,s3://mock-bucket/ids/SID-00-000-000-000-000-043_1.jpg,s3://mock-bucket/ids/SID-00-000-000-000-000-043_2.jpg,2026-06-04 12:42:28,2026-06-04 12:42:28,"[""Monday"",""Wednesday"",""Saturday""]","{""start"":""09:00"",""end"":""17:00""}",2026-06-04 12:42:28,2026-06-07 18:47:32
SID-00-000-000-000-000-048,True,2026-08-28 03:05:29,s3://mock-bucket/ids/SID-00-000-000-000-000-048_1.jpg,s3://mock-bucket/ids/SID-00-000-000-000-000-048_2.jpg,2026-08-28 03:05:29,2026-08-28 03:05:29,"[""Monday"",""Wednesday"",""Saturday""]","{""start"":""09:00"",""end"":""17:00""}",2026-08-28 03:05:29,2026-08-28 17:35:42
SID-00-000-000-000-000-219,True,2025-11-06 07:43:25,s3://mock-bucket/ids/SID-00-000-000-000-000-219_1.jpg,s3://mock-bucket/ids/SID-00-000-000-000-000-219_2.jpg,2025-11-06 07:43:25,2025-11-06 07:43:25,"[""Monday"",""Wednesday"",""Saturday""]","{""start"":""09:00"",""end"":""17:00""}",2025-11-06 07:43:25,2026-05-04 07:00:49
SID-00-000-000-000-000-006,True,2026-02-22 01:51:08,s3://mock-bucket/ids/SID-00-000-000-000-000-006_1.jpg,s3://mock-bucket/ids/SID-00-000-000-000-000-006_2.jpg,2026-02-22 01:51:08,2026-02-22 01:51:08,"[""Monday"",""Wednesday"",""Saturday""]","{""start"":""09:00"",""end"":""17:00""}",2026-02-22 01:51:08,2026-07-14 20:42:17
SID-00-000-000-000-000-033,True,2025-10-22 11:46:48,s3://mock-bucket/ids/SID-00-000-000-000-000-033_1.jpg,s3://mock-bucket/ids/SID-00-000-000-000-000-033_2.jpg,2025-10-22 11:46:48,2025-10-22 11:46:48,"[""Monday"",""Wednesday"",""Saturday""]","{""start"":""09:00"",""end"":""17:00""}",2025-10-22 11:46:48,2026-08-17 21:58:59
SID-00-000-000-000-000-326,True,2026-04-29 17:47:31,s3://mock-bucket/ids/SID-00-000-000-000-000-326_1.jpg,s3://mock-bucket/ids/SID-00-000-000-000-000-326_2.jpg,2026-04-29 17:47:31,2026-04-29 17:47:31,"[""Monday"",""Wednesday"",""Saturday""]","{""start"":""09:00"",""end"":""17:00""}",2026-04-29 17:47:31,2026-05-17 23:40:43
SID-00-000-000-000-000-061,True,2026-02-10 21:27:29,s3://mock-bucket/ids/SID-00-000-000-000-000-061_1.jpg,s3://mock-bucket/ids/SID-00-000-000-000-000-061_2.jpg,2026-02-10 21:27:29,2026-02-10 21:27:29,"[""Monday"",""Wednesday"",""Saturday""]","{""start"":""09:00"",""end"":""17:00""}",2026-02-10 21:27:29,2026-05-02 20:19:34
SID-00-000-000-000-000-170,True,2025-10-20 16:31:22,s3://mock-bucket/ids/SID-00-000-000-000-000-170_1.jpg,s3://mock-bucket/ids/SID-00-000-000-000-000-170_2.jpg,2025-10-20 16:31:22,2025-10-20 16:31:22,"[""Monday"",""Wednesday"",""Saturday""]","{""start"":""09:00"",""end"":""17:00""}",2025-10-20 16:31:22,2026-04-22 07:34:34
SID-00-000-000-000-000-065,True,2026-08-05 17:35:01,s3://mock-bucket/ids/SID-00-000-000-000-000-065_1.jpg,s3://mock-bucket/ids/SID-00-000-000-000-000-065_2.jpg,2026-08-05 17:35:01,2026-08-05 17:35:01,"[""Monday"",""Wednesday"",""Saturday""]","{""start"":""09:00"",""end"":""17:00""}",2026-08-05 17:35:01,2026-08-24 14:56:40
SID-00-000-000-000-000-327,True,2026-08-28 06:12:19,s3://mock-bucket/ids/SID-00-000-000-000-000-327_1.jpg,s3://mock-bucket/ids/SID-00-000-000-000-000-327_2.jpg,2026-08-28 06:12:19,2026-08-28 06:12:19,"[""Monday"",""Wednesday"",""Saturday""]","{""start"":""09:00"",""end"":""17:00""}",2026-08-28 06:12:19,2026-08-30 07:49:35
SID-00-000-000-000-000-275,True,2025-04-26 10:41:25,s3://mock-bucket/ids/SID-00-000-000-000-000-275_1.jpg,s3://mock-bucket/ids/SID-00-000-000-000-000-275_2.jpg,2025-04-26 10:41:25,2025-04-26 10:41:25,"[""Monday"",""Wednesday"",""Saturday""]","{""start"":""09:00"",""end"":""17:00""}",2025-04-26 10:41:25,2025-12-24 20:49:49
SID-00-000-000-000-000-237,True,2025-07-12 06:19:26,s3://mock-bucket/ids/SID-00-000-000-000-000-237_1.jpg,s3://mock-bucket/ids/SID-00-000-000-000-000-237_2.jpg,2025-07-12 06:19:26,2025-07-12 06:19:26,"[""Monday"",""Wednesday"",""Saturday""]","{""start"":""09:00"",""end"":""17:00""}",2025-07-12 06:19:26,2026-03-20 04:39:29
SID-00-000-000-000-000-021,True,2026-03-14 06:57:43,s3://mock-bucket/ids/SID-00-000-000-000-000-021_1.jpg,s3://mock-bucket/ids/SID-00-000-000-000-000-021_2.jpg,2026-03-14 06:57:43,2026-03-14 06:57:43,"[""Monday"",""Wednesday"",""Saturday""]","{""start"":""09:00"",""end"":""17:00""}",2026-03-14 06:57:43,2026-04-14 02:08:41
SID-00-000-000-000-000-054,True,2026-08-12 21:12:48,s3://mock-bucket/ids/SID-00-000-000-000-000-054_1.jpg,s3://mock-bucket/ids/SID-00-000-000-000-000-054_2.jpg,2026-08-12 21:12:48,2026-08-12 21:12:48,"[""Monday"",""Wednesday"",""Saturday""]","{""start"":""09:00"",""end"":""17:00""}",2026-08-12 21:12:48,2026-08-28 03:43:41
SID-00-000-000-000-000-232,True,2026-02-01 18:27:56,s3://mock-bucket/ids/SID-00-000-000-000-000-232_1.jpg,s3://mock-bucket/ids/SID-00-000-000-000-000-232_2.jpg,2026-02-01 18:27:56,2026-02-01 18:27:56,"[""Monday"",""Wednesday"",""Saturday""]","{""start"":""09:00"",""end"":""17:00""}",2026-02-01 18:27:56,2026-02-18 03:40:00
SID-00-000-000-000-000-287,True,2026-07-21 10:52:31,s3://mock-bucket/ids/SID-00-000-000-000-000-287_1.jpg,s3://mock-bucket/ids/SID-00-000-000-000-000-287_2.jpg,2026-07-21 10:52:31,2026-07-21 10:52:31,"[""Monday"",""Wednesday"",""Saturday""]","{""start"":""09:00"",""end"":""17:00""}",2026-07-21 10:52:31,2026-08-26 14:32:32
SID-00-000-000-000-000-027,True,2025-05-07 05:15:08,s3://mock-bucket/ids/SID-00-000-000-000-000-027_1.jpg,s3://mock-bucket/ids/SID-00-000-000-000-000-027_2.jpg,2025-05-07 05:15:08,2025-05-07 05:15:08,"[""Monday"",""Wednesday"",""Saturday""]","{""start"":""09:00"",""end"":""17:00""}",2025-05-07 05:15:08,2026-07-08 02:09:53
SID-00-000-000-000-000-294,True,2025-03-31 17:14:32,s3://mock-bucket/ids/SID-00-000-000-000-000-294_1.jpg,s3://mock-bucket/ids/SID-00-000-000-000-000-294_2.jpg,2025-03-31 17:14:32,2025-03-31 17:14:32,"[""Monday"",""Wednesday"",""Saturday""]","{""start"":""09:00"",""end"":""17:00""}",2025-03-31 17:14:32,2026-05-10 08:00:41
SID-00-000-000-000-000-364,True,2025-10-31 16:37:46,s3://mock-bucket/ids/SID-00-000-000-000-000-364_1.jpg,s3://mock-bucket/ids/SID-00-000-000-000-000-364_2.jpg,2025-10-31 16:37:46,2025-10-31 16:37:46,"[""Monday"",""Wednesday"",""Saturday""]","{""start"":""09:00"",""end"":""17:00""}",2025-10-31 16:37:46,2025-12-18 03:04:15
SID-00-000-000-000-000-338,True,2025-03-03 05:30:31,s3://mock-bucket/ids/SID-00-000-000-000-000-338_1.jpg,s3://mock-bucket/ids/SID-00-000-000-000-000-338_2.jpg,2025-03-03 05:30:31,2025-03-03 05:30:31,"[""Monday"",""Wednesday"",""Saturday""]","{""start"":""09:00"",""end"":""17:00""}",2025-03-03 05:30:31,2025-09-15 23:36:01
SID-00-000-000-000-000-378,True,2025-04-18 22:33:25,s3://mock-bucket/ids/SID-00-000-000-000-000-378_1.jpg,s3://mock-bucket/ids/SID-00-000-000-000-000-378_2.jpg,2025-04-18 22:33:25,2025-04-18 22:33:25,"[""Monday"",""Wednesday"",""Saturday""]","{""start"":""09:00"",""end"":""17:00""}",2025-04-18 22:33:25,2026-04-27 17:19:36
SID-00-000-000-000-000-014,True,2026-05-17 21:39:49,s3://mock-bucket/ids/SID-00-000-000-000-000-014_1.jpg,s3://mock-bucket/ids/SID-00-000-000-000-000-014_2.jpg,2026-05-17 21:39:49,2026-05-17 21:39:49,"[""Monday"",""Wednesday"",""Saturday""]","{""start"":""09:00"",""end"":""17:00""}",2026-05-17 21:39:49,2026-07-14 22:14:00
SID-00-000-000-000-000-351,True,2025-11-20 13:21:26,s3://mock-bucket/ids/SID-00-000-000-000-000-351_1.jpg,s3://mock-bucket/ids/SID-00-000-000-000-000-351_2.jpg,2025-11-20 13:21:26,2025-11-20 13:21:26,"[""Monday"",""Wednesday"",""Saturday""]","{""start"":""09:00"",""end"":""17:00""}",2025-11-20 13:21:26,2026-02-05 17:35:44
SID-00-000-000-000-000-198,True,2026-08-09 21:44:39,s3://mock-bucket/ids/SID-00-000-000-000-000-198_1.jpg,s3://mock-bucket/ids/SID-00-000-000-000-000-198_2.jpg,2026-08-09 21:44:39,2026-08-09 21:44:39,"[""Monday"",""Wednesday"",""Saturday""]","{""start"":""09:00"",""end"":""17:00""}",2026-08-09 21:44:39,2026-08-18 15:42:28
SID-00-000-000-000-000-367,True,2026-03-03 07:19:34,s3://mock-bucket/ids/SID-00-000-000-000-000-367_1.jpg,s3://mock-bucket/ids/SID-00-000-000-000-000-367_2.jpg,2026-03-03 07:19:34,2026-03-03 07:19:34,"[""Monday"",""Wednesday"",""Saturday""]","{""start"":""09:00"",""end"":""17:00""}",2026-03-03 07:19:34,2026-08-22 15:28:01
SID-00-000-000-000-000-339,True,2025-01-14 19:14:26,s3://mock-bucket/ids/SID-00-000-000-000-000-339_1.jpg,s3://mock-bucket/ids/SID-00-000-000-000-000-339_2.jpg,2025-01-14 19:14:26,2025-01-14 19:14:26,"[""Monday"",""Wednesday"",""Saturday""]","{""start"":""09:00"",""end"":""17:00""}",2025-01-14 19:14:26,2025-02-24 06:13:19
SID-00-000-000-000-000-302,True,2025-07-04 12:47:56,s3://mock-bucket/ids/SID-00-000-000-000-000-302_1.jpg,s3://mock-bucket/ids/SID-00-000-000-000-000-302_2.jpg,2025-07-04 12:47:56,2025-07-04 12:47:56,"[""Monday"",""Wednesday"",""Saturday""]","{""start"":""09:00"",""end"":""17:00""}",2025-07-04 12:47:56,2025-12-20 16:39:57
SID-00-000-000-000-000-385,True,2026-01-10 11:25:56,s3://mock-bucket/ids/SID-00-000-000-000-000-385_1.jpg,s3://mock-bucket/ids/SID-00-000-000-000-000-385_2.jpg,2026-01-10 11:25:56,2026-01-10 11:25:56,"[""Monday"",""Wednesday"",""Saturday""]","{""start"":""09:00"",""end"":""17:00""}",2026-01-10 11:25:56,2026-02-23 08:00:06
SID-00-000-000-000-000-259,True,2026-07-08 06:40:03,s3://mock-bucket/ids/SID-00-000-000-000-000-259_1.jpg,s3://mock-bucket/ids/SID-00-000-000-000-000-259_2.jpg,2026-07-08 06:40:03,2026-07-08 06:40:03,"[""Monday"",""Wednesday"",""Saturday""]","{""start"":""09:00"",""end"":""17:00""}",2026-07-08 06:40:03,2026-07-31 04:30:27
SID-00-000-000-000-000-320,True,2025-11-30 05:36:50,s3://mock-bucket/ids/SID-00-000-000-000-000-320_1.jpg,s3://mock-bucket/ids/SID-00-000-000-000-000-320_2.jpg,2025-11-30 05:36:50,2025-11-30 05:36:50,"[""Monday"",""Wednesday"",""Saturday""]","{""start"":""09:00"",""end"":""17:00""}",2025-11-30 05:36:50,2026-08-03 00:45:10
SID-00-000-000-000-000-159,True,2025-05-05 01:01:02,s3://mock-bucket/ids/SID-00-000-000-000-000-159_1.jpg,s3://mock-bucket/ids/SID-00-000-000-000-000-159_2.jpg,2025-05-05 01:01:02,2025-05-05 01:01:02,"[""Monday"",""Wednesday"",""Saturday""]","{""start"":""09:00"",""end"":""17:00""}",2025-05-05 01:01:02,2026-04-07 06:22:37
SID-00-000-000-000-000-040,True,2025-09-18 20:39:06,s3://mock-bucket/ids/SID-00-000-000-000-000-040_1.jpg,s3://mock-bucket/ids/SID-00-000-000-000-000-040_2.jpg,2025-09-18 20:39:06,2025-09-18 20:39:06,"[""Monday"",""Wednesday"",""Saturday""]","{""start"":""09:00"",""end"":""17:00""}",2025-09-18 20:39:06,2026-01-22 21:20:11
